group_members,recommendations
"[4192, 524, 4350, 3657]","[822, 13, 30549, 68448, 173346, 36218, 40692, 178900, 9209, 3076]"
"[1994, 5030, 7610, 2944]","[822, 13, 30549, 68448, 173346, 36218, 40692, 178900, 9209, 3076]"
"[1344, 6122, 3652, 2695]","[822, 13, 30549, 68448, 36218, 178900, 9209, 3076, 173346, 40692]"
"[3180, 6144, 7194, 4787]","[822, 13, 30549, 68448, 173346, 36218, 40692, 178900, 9209, 3076]"
"[376, 1330, 6133, 1049]","[822, 13, 30549, 68448, 173346, 36218, 40692, 178900, 9209, 3076]"
"[6083, 7723, 5030, 495]","[822, 13, 30549, 68448, 173346, 36218, 40692, 178900, 9209, 3076]"
"[2953, 4072, 143, 7008]","[822, 13, 30549, 68448, 173346, 36218, 40692, 178900, 9209, 3076]"
"[5220, 3979, 1020, 4483]","[822, 13, 30549, 68448, 173346, 36218, 40692, 9209, 3076, 178900]"
"[2645, 2208, 5299, 3440]","[822, 13, 30549, 68448, 173346, 36218, 40692, 178900, 9209, 3076]"
"[338, 5570, 2259, 5363]","[822, 13, 30549, 68448, 173346, 36218, 40692, 178900, 9209, 3076]"
"[4320, 6785, 3088, 4613]","[822, 13, 30549, 68448, 173346, 36218, 40692, 178900, 9209, 3076]"
"[2078, 2220, 3834, 717]","[822, 13, 30549, 68448, 173346, 36218, 40692, 178900, 9209, 3076]"
"[5080, 3775, 698, 193]","[822, 13, 30549, 68448, 173346, 36218, 40692, 178900, 9209, 3076]"
"[274, 3342, 1165, 2822]","[822, 13, 30549, 68448, 173346, 36218, 40692, 9209, 3076, 178900]"
"[6479, 568, 3490, 3499]","[822, 13, 30549, 68448, 173346, 36218, 40692, 178900, 9209, 3076]"
"[7266, 6385, 4520, 1957]","[822, 13, 30549, 68448, 173346, 36218, 40692, 178900, 9209, 3076]"
"[725, 7463, 3980, 1207]","[822, 13, 30549, 68448, 173346, 36218, 40692, 178900, 3076, 9209]"
"[2183, 3145, 1010, 6281]","[822, 13, 30549, 68448, 173346, 36218, 40692, 9209, 3076, 178900]"
"[3427, 235, 1010, 3019]","[822, 13, 30549, 68448, 173346, 36218, 40692, 178900, 9209, 3076]"
"[5806, 822, 2826, 2255]","[822, 13, 30549, 68448, 173346, 36218, 40692, 178900, 9209, 3076]"
"[484, 4809, 1161, 4557]","[822, 13, 30549, 68448, 173346, 36218, 40692, 178900, 9209, 3076]"
"[2286, 6316, 2031, 565]","[822, 13, 30549, 68448, 173346, 36218, 40692, 9209, 3076, 178900]"
"[1948, 4297, 1414, 1572]","[822, 13, 30549, 68448, 173346, 36218, 40692, 9209, 178900, 3076]"
"[931, 2996, 3082, 6055]","[822, 13, 30549, 68448, 173346, 36218, 40692, 178900, 9209, 3076]"
"[1456, 813, 1240, 2736]","[822, 13, 30549, 68448, 173346, 36218, 40692, 9209, 3076, 178900]"
"[3499, 681, 4617, 4484]","[822, 13, 30549, 68448, 36218, 40692, 178900, 9209, 3076, 173346]"
"[4634, 5292, 7156, 4230]","[822, 13, 30549, 68448, 173346, 36218, 40692, 9209, 3076, 178900]"
"[946, 7327, 3181, 3034]","[822, 13, 30549, 68448, 173346, 36218, 40692, 178900, 9209, 3076]"
"[6486, 7061, 309, 3892]","[822, 13, 30549, 68448, 173346, 36218, 40692, 178900, 9209, 3076]"
"[2254, 3727, 2058, 699]","[822, 13, 30549, 68448, 173346, 36218, 40692, 178900, 3076, 9209]"
"[5326, 6592, 4382, 3397]","[822, 13, 30549, 68448, 173346, 36218, 40692, 178900, 9209, 3076]"
"[7782, 5243, 2529, 5041]","[822, 13, 30549, 68448, 173346, 36218, 40692, 9209, 3076, 178900]"
"[5084, 403, 5984, 7332]","[822, 13, 30549, 68448, 173346, 36218, 40692, 178900, 9209, 3076]"
"[642, 2885, 1860, 4724]","[822, 13, 30549, 68448, 173346, 36218, 40692, 178900, 9209, 3076]"
"[4966, 7174, 1750, 433]","[822, 13, 30549, 68448, 173346, 36218, 40692, 9209, 3076, 178900]"
"[5987, 708, 4887, 3290]","[822, 13, 30549, 68448, 173346, 36218, 40692, 9209, 3076, 178900]"
"[7862, 5100, 1291, 5292]","[822, 13, 30549, 68448, 173346, 36218, 40692, 178900, 9209, 3076]"
"[5042, 2444, 3879, 7169]","[822, 13, 30549, 68448, 173346, 36218, 40692, 178900, 9209, 3076]"
"[5787, 6432, 7174, 374]","[822, 13, 30549, 68448, 173346, 36218, 40692, 9209, 3076, 178900]"
"[539, 1482, 1479, 1198]","[822, 13, 30549, 68448, 173346, 36218, 178900, 9209, 3076, 40692]"
"[3973, 166, 3592, 3774]","[822, 13, 30549, 68448, 173346, 36218, 40692, 178900, 9209, 3076]"
"[2260, 2522, 4123, 3345]","[822, 13, 30549, 68448, 173346, 36218, 40692, 178900, 9209, 3076]"
"[2722, 712, 6897, 3352]","[822, 13, 30549, 68448, 173346, 36218, 178900, 40692, 9209, 3076]"
"[1561, 885, 7614, 7168]","[822, 13, 30549, 68448, 173346, 36218, 40692, 9209, 3076, 178900]"
"[600, 1762, 3249, 7123]","[822, 13, 30549, 68448, 173346, 36218, 40692, 178900, 9209, 3076]"
"[6018, 96, 2273, 6902]","[822, 13, 30549, 68448, 173346, 36218, 40692, 178900, 9209, 3076]"
"[5153, 3107, 1582, 4235]","[822, 13, 30549, 68448, 173346, 36218, 40692, 178900, 9209, 3076]"
"[3716, 5022, 1482, 6346]","[822, 13, 30549, 68448, 173346, 36218, 178900, 9209, 3076, 40692]"
"[2087, 4123, 240, 1660]","[822, 13, 30549, 68448, 173346, 36218, 40692, 178900, 9209, 3076]"
"[4787, 3410, 7657, 2060]","[822, 13, 30549, 68448, 173346, 36218, 40692, 178900, 9209, 3076]"
"[455, 1384, 972, 6069]","[822, 13, 30549, 68448, 173346, 36218, 40692, 178900, 9209, 3076]"
"[5514, 14, 3772, 5834]","[822, 13, 30549, 68448, 173346, 36218, 40692, 178900, 9209, 3076]"
"[5327, 7657, 4381, 4508]","[822, 13, 30549, 68448, 173346, 36218, 40692, 178900, 9209, 3076]"
"[620, 6140, 2962, 7566]","[822, 13, 30549, 68448, 173346, 36218, 40692, 178900, 9209, 3076]"
"[1508, 1175, 4911, 7318]","[822, 13, 30549, 68448, 173346, 36218, 40692, 178900, 9209, 3076]"
"[2488, 1570, 1249, 4572]","[822, 13, 30549, 68448, 173346, 36218, 40692, 178900, 9209, 3076]"
"[587, 4460, 7796, 159]","[822, 13, 30549, 68448, 173346, 36218, 40692, 178900, 9209, 3076]"
"[300, 5203, 5453, 7124]","[822, 13, 30549, 68448, 173346, 36218, 40692, 178900, 9209, 3076]"
"[4347, 2659, 5617, 3746]","[822, 13, 30549, 68448, 173346, 36218, 40692, 178900, 9209, 3076]"
"[323, 364, 4634, 3977]","[822, 13, 30549, 68448, 173346, 36218, 40692, 178900, 9209, 3076]"
"[1475, 7514, 3893, 5518]","[822, 13, 30549, 68448, 173346, 36218, 40692, 178900, 9209, 3076]"
"[4351, 2913, 2722, 1633]","[822, 13, 30549, 68448, 173346, 36218, 40692, 178900, 9209, 3076]"
"[4262, 2700, 5861, 2001]","[822, 13, 30549, 68448, 173346, 36218, 40692, 178900, 9209, 3076]"
"[38, 1473, 5025, 6055]","[822, 13, 30549, 68448, 173346, 36218, 40692, 178900, 9209, 3076]"
"[7683, 4988, 5788, 4926]","[822, 13, 30549, 68448, 36218, 40692, 178900, 9209, 3076, 173346]"
"[1175, 3730, 2078, 8]","[822, 13, 30549, 68448, 173346, 36218, 40692, 178900, 9209, 3076]"
"[4913, 1284, 6917, 3486]","[822, 13, 30549, 68448, 173346, 36218, 40692, 178900, 9209, 3076]"
"[1475, 4777, 7245, 7797]","[822, 13, 30549, 68448, 173346, 36218, 40692, 178900, 9209, 3076]"
"[323, 5765, 3897, 7820]","[822, 13, 30549, 68448, 173346, 36218, 40692, 178900, 9209, 3076]"
"[1985, 690, 866, 1919]","[822, 13, 30549, 68448, 173346, 36218, 40692, 178900, 9209, 3076]"
"[7129, 1234, 3550, 1298]","[822, 13, 30549, 68448, 173346, 36218, 40692, 178900, 9209, 3076]"
"[2931, 1660, 3836, 5998]","[822, 13, 30549, 68448, 173346, 36218, 40692, 178900, 9209, 3076]"
"[3411, 7248, 3160, 263]","[822, 13, 30549, 68448, 173346, 36218, 40692, 178900, 9209, 3076]"
"[643, 5297, 1985, 1147]","[822, 13, 30549, 68448, 173346, 36218, 40692, 178900, 9209, 3076]"
"[7049, 1573, 3183, 24]","[822, 13, 30549, 68448, 173346, 36218, 40692, 178900, 9209, 3076]"
"[1234, 5657, 7938, 4378]","[822, 13, 30549, 68448, 173346, 36218, 40692, 178900, 9209, 3076]"
"[3550, 6058, 3897, 2060]","[822, 13, 30549, 68448, 173346, 36218, 40692, 9209, 3076, 178900]"
"[3029, 5242, 3615, 7307]","[822, 13, 30549, 68448, 173346, 36218, 40692, 178900, 9209, 3076]"
"[3696, 1825, 2530, 6151]","[822, 13, 30549, 68448, 173346, 36218, 40692, 178900, 9209, 3076]"
"[1288, 7010, 5771, 2873]","[822, 13, 30549, 68448, 173346, 36218, 40692, 178900, 9209, 3076]"
"[5879, 7781, 2787, 4887]","[822, 13, 30549, 68448, 173346, 36218, 40692, 9209, 3076, 178900]"
"[2414, 6004, 182, 3728]","[822, 13, 30549, 68448, 173346, 36218, 40692, 178900, 9209, 3076]"
"[6982, 6232, 2259, 4460]","[822, 13, 30549, 68448, 173346, 36218, 40692, 178900, 9209, 3076]"
"[7345, 7069, 1923, 3416]","[822, 13, 30549, 68448, 173346, 36218, 40692, 178900, 9209, 3076]"
"[1523, 6971, 5030, 2791]","[822, 13, 30549, 68448, 173346, 36218, 40692, 178900, 9209, 3076]"
"[7217, 1298, 601, 1865]","[822, 13, 30549, 68448, 173346, 36218, 40692, 178900, 9209, 3076]"
"[643, 5200, 6882, 2471]","[822, 13, 30549, 68448, 173346, 36218, 40692, 178900, 9209, 3076]"
"[1021, 4103, 2993, 3317]","[822, 13, 30549, 68448, 173346, 36218, 40692, 178900, 9209, 3076]"
"[52, 495, 55, 7431]","[822, 13, 30549, 68448, 173346, 36218, 40692, 178900, 9209, 3076]"
"[1630, 1945, 519, 7227]","[822, 13, 30549, 68448, 173346, 36218, 40692, 9209, 178900, 3076]"
"[5768, 2728, 5879, 6678]","[822, 13, 30549, 68448, 173346, 36218, 40692, 178900, 9209, 3076]"
"[2103, 3019, 3577, 7529]","[822, 13, 30549, 68448, 173346, 36218, 40692, 178900, 9209, 3076]"
"[4660, 4065, 1586, 4351]","[822, 13, 30549, 68448, 173346, 36218, 40692, 178900, 9209, 3076]"
"[6333, 2082, 611, 3359]","[822, 13, 30549, 68448, 173346, 36218, 40692, 178900, 9209, 3076]"
"[3364, 7984, 5813, 1484]","[822, 13, 30549, 68448, 173346, 36218, 40692, 178900, 9209, 3076]"
"[3867, 6287, 2485, 5825]","[822, 13, 30549, 68448, 173346, 36218, 40692, 9209, 3076, 178900]"
"[7150, 7437, 475, 1824]","[822, 13, 30549, 68448, 173346, 36218, 40692, 178900, 9209, 3076]"
"[3499, 2857, 7950, 7488]","[822, 13, 30549, 68448, 173346, 36218, 40692, 178900, 9209, 3076]"
"[6666, 3619, 188, 5582]","[822, 13, 30549, 68448, 173346, 36218, 40692, 178900, 9209, 3076]"
"[1834, 6479, 1593, 3135]","[822, 13, 30549, 68448, 173346, 36218, 40692, 178900, 9209, 3076]"
"[5591, 7959, 1262, 3485]","[822, 13, 30549, 68448, 173346, 36218, 40692, 9209, 3076, 178900]"
"[2198, 17, 7220, 2873]","[822, 13, 30549, 68448, 173346, 36218, 40692, 178900, 9209, 3076]"
"[7701, 6615, 1419, 2536]","[822, 13, 30549, 68448, 173346, 36218, 40692, 178900, 9209, 3076]"
"[574, 6350, 6583, 962]","[822, 13, 30549, 68448, 173346, 36218, 40692, 178900, 9209, 3076]"
"[3713, 7038, 880, 2174]","[822, 13, 30549, 68448, 173346, 36218, 40692, 178900, 9209, 3076]"
"[504, 1731, 7625, 2058]","[822, 13, 68448, 36218, 40692, 178900, 9209, 3076, 30549, 173346]"
"[1586, 7796, 4775, 2796]","[822, 13, 30549, 68448, 173346, 36218, 40692, 178900, 9209, 3076]"
"[4433, 7938, 1731, 4224]","[822, 13, 68448, 173346, 36218, 40692, 178900, 9209, 3076, 30549]"
"[2057, 4518, 239, 5635]","[822, 13, 30549, 68448, 173346, 36218, 40692, 178900, 9209, 3076]"
"[2901, 872, 4546, 6838]","[822, 13, 30549, 68448, 173346, 36218, 40692, 178900, 9209, 3076]"
"[5100, 5024, 3036, 5272]","[822, 13, 30549, 68448, 173346, 36218, 40692, 178900, 9209, 3076]"
"[6864, 3771, 7543, 1067]","[822, 13, 30549, 68448, 173346, 36218, 40692, 178900, 9209, 3076]"
"[3791, 5619, 1319, 970]","[822, 13, 30549, 68448, 173346, 36218, 40692, 178900, 9209, 3076]"
"[1087, 3677, 7060, 4064]","[822, 13, 30549, 68448, 173346, 36218, 40692, 178900, 9209, 3076]"
"[1510, 7016, 7299, 1088]","[822, 13, 30549, 68448, 173346, 36218, 40692, 178900, 9209, 3076]"
"[2857, 4282, 5967, 3775]","[822, 13, 30549, 68448, 173346, 36218, 40692, 178900, 9209, 3076]"
"[5826, 6876, 2277, 7950]","[822, 13, 30549, 68448, 173346, 36218, 40692, 178900, 9209, 3076]"
"[3184, 6220, 842, 1597]","[822, 13, 30549, 68448, 173346, 36218, 40692, 178900, 9209, 3076]"
"[396, 6311, 3929, 5069]","[822, 13, 30549, 68448, 173346, 36218, 40692, 178900, 9209, 3076]"
"[5648, 1769, 5420, 2645]","[822, 13, 30549, 68448, 173346, 36218, 40692, 178900, 9209, 3076]"
"[699, 7644, 2330, 1075]","[822, 13, 30549, 68448, 173346, 36218, 40692, 178900, 9209, 3076]"
"[5157, 6483, 7522, 283]","[822, 13, 30549, 68448, 173346, 36218, 40692, 178900, 9209, 3076]"
"[5594, 4525, 300, 1320]","[822, 13, 30549, 68448, 173346, 36218, 40692, 178900, 9209, 3076]"
"[2292, 6081, 3728, 1572]","[822, 13, 30549, 68448, 173346, 36218, 40692, 178900, 9209, 3076]"
"[1125, 5511, 2566, 5825]","[822, 13, 30549, 68448, 173346, 36218, 40692, 178900, 9209, 3076]"
"[2736, 1479, 3314, 7795]","[822, 13, 30549, 68448, 173346, 36218, 40692, 178900, 9209, 3076]"
"[2571, 4824, 7539, 4226]","[822, 13, 30549, 68448, 173346, 36218, 40692, 178900, 9209, 3076]"
"[7937, 7334, 5457, 3555]","[822, 13, 30549, 68448, 173346, 36218, 40692, 178900, 9209, 3076]"
"[5735, 5637, 4970, 6615]","[822, 13, 30549, 68448, 173346, 36218, 178900, 9209, 3076, 40692]"
"[3119, 5708, 7673, 494]","[822, 13, 30549, 68448, 173346, 36218, 40692, 178900, 9209, 3076]"
"[4523, 6376, 400, 1138]","[822, 13, 30549, 68448, 173346, 36218, 40692, 178900, 9209, 3076]"
"[6079, 98, 1205, 1516]","[822, 13, 30549, 68448, 173346, 36218, 40692, 178900, 9209, 3076]"
"[2382, 167, 620, 4487]","[822, 13, 30549, 68448, 173346, 36218, 40692, 178900, 9209, 3076]"
"[3119, 2445, 250, 1063]","[822, 13, 30549, 68448, 173346, 36218, 40692, 178900, 9209, 3076]"
"[4483, 6667, 2460, 3685]","[822, 13, 30549, 68448, 173346, 36218, 40692, 178900, 9209, 3076]"
"[3144, 2624, 1816, 3807]","[822, 13, 30549, 68448, 173346, 36218, 40692, 178900, 9209, 3076]"
"[2015, 18, 1232, 7227]","[822, 13, 30549, 68448, 173346, 36218, 40692, 178900, 9209, 3076]"
"[3314, 5655, 7156, 693]","[822, 13, 30549, 68448, 173346, 40692, 178900, 9209, 3076, 36218]"
"[4926, 5825, 6080, 5288]","[822, 13, 30549, 68448, 173346, 36218, 40692, 178900, 9209, 3076]"
"[3532, 984, 3786, 124]","[822, 13, 30549, 68448, 173346, 36218, 40692, 178900, 9209, 3076]"
"[1923, 4081, 6346, 4150]","[822, 13, 30549, 68448, 173346, 36218, 40692, 178900, 9209, 3076]"
"[7929, 5885, 7841, 5316]","[822, 13, 30549, 68448, 173346, 36218, 40692, 178900, 9209, 3076]"
"[7345, 4570, 4103, 7429]","[822, 13, 30549, 68448, 173346, 36218, 40692, 178900, 3076, 9209]"
"[1156, 4106, 7752, 4486]","[822, 13, 30549, 68448, 173346, 36218, 40692, 178900, 9209, 3076]"
"[1473, 2170, 6609, 7171]","[822, 13, 30549, 68448, 173346, 36218, 40692, 178900, 9209, 3076]"
"[5974, 7539, 4382, 1299]","[822, 13, 30549, 68448, 173346, 36218, 40692, 178900, 9209, 3076]"
"[4484, 7950, 4115, 5131]","[822, 13, 30549, 68448, 36218, 40692, 178900, 9209, 3076, 173346]"
"[5778, 3502, 2082, 5715]","[822, 13, 30549, 68448, 173346, 36218, 40692, 178900, 9209, 3076]"
"[6051, 3003, 6122, 6615]","[822, 13, 30549, 68448, 173346, 36218, 40692, 178900, 9209, 3076]"
"[5626, 1064, 3774, 7149]","[822, 13, 30549, 68448, 173346, 36218, 40692, 178900, 9209, 3076]"
"[4029, 5042, 653, 2015]","[822, 13, 30549, 68448, 173346, 36218, 40692, 178900, 9209, 3076]"
"[5144, 7222, 2325, 5105]","[822, 13, 30549, 68448, 173346, 36218, 40692, 178900, 9209, 3076]"
"[7703, 6337, 3921, 3617]","[822, 13, 30549, 68448, 173346, 36218, 40692, 178900, 9209, 3076]"
"[11, 1573, 7083, 1570]","[822, 13, 30549, 68448, 173346, 36218, 178900, 9209, 3076, 40692]"
"[746, 872, 3063, 7150]","[822, 13, 30549, 68448, 173346, 36218, 40692, 178900, 9209, 3076]"
"[3138, 5708, 2191, 2861]","[822, 13, 30549, 68448, 173346, 36218, 40692, 178900, 9209, 3076]"
"[5735, 6530, 2762, 6448]","[822, 13, 30549, 68448, 173346, 36218, 40692, 178900, 9209, 3076]"
"[2445, 6881, 6114, 1088]","[822, 13, 30549, 68448, 173346, 36218, 40692, 178900, 9209, 3076]"
"[5697, 1937, 7150, 4926]","[822, 13, 30549, 68448, 173346, 36218, 40692, 178900, 9209, 3076]"
"[3312, 946, 5237, 5229]","[822, 13, 30549, 68448, 173346, 36218, 40692, 178900, 9209, 3076]"
"[3271, 3836, 2825, 4733]","[822, 13, 30549, 68448, 173346, 36218, 40692, 178900, 9209, 3076]"
"[2927, 215, 1400, 888]","[822, 13, 30549, 68448, 173346, 36218, 40692, 178900, 9209, 3076]"
"[4460, 3181, 2470, 808]","[822, 13, 30549, 68448, 173346, 36218, 40692, 178900, 9209, 3076]"
"[7329, 5406, 6310, 1412]","[822, 13, 30549, 68448, 173346, 36218, 40692, 9209, 178900, 3076]"
"[6813, 2571, 2054, 7480]","[822, 13, 30549, 68448, 173346, 36218, 40692, 178900, 9209, 3076]"
"[899, 5974, 4451, 2767]","[822, 13, 30549, 68448, 173346, 36218, 40692, 178900, 9209, 3076]"
"[1720, 7644, 5998, 7480]","[822, 13, 30549, 68448, 173346, 36218, 40692, 178900, 9209, 3076]"
"[3510, 6357, 4106, 7816]","[822, 13, 30549, 68448, 173346, 36218, 40692, 178900, 9209, 3076]"
"[4566, 7331, 302, 6971]","[822, 13, 30549, 68448, 173346, 36218, 40692, 178900, 9209, 3076]"
"[159, 5532, 7394, 3230]","[822, 13, 30549, 68448, 173346, 36218, 40692, 178900, 9209, 3076]"
"[2506, 3036, 6648, 4322]","[822, 13, 30549, 68448, 173346, 36218, 40692, 178900, 9209, 3076]"
"[135, 878, 6326, 379]","[822, 13, 30549, 68448, 173346, 36218, 40692, 178900, 9209, 3076]"
"[4574, 309, 7047, 7701]","[822, 13, 30549, 68448, 173346, 36218, 40692, 178900, 9209, 3076]"
"[7232, 7354, 5876, 7907]","[822, 13, 30549, 68448, 173346, 36218, 40692, 178900, 9209, 3076]"
"[6825, 4320, 1967, 3199]","[822, 13, 68448, 173346, 36218, 40692, 178900, 9209, 3076, 30549]"
"[7080, 1318, 7418, 6793]","[822, 13, 30549, 68448, 173346, 36218, 40692, 178900, 9209, 3076]"
"[6301, 1954, 96, 2967]","[822, 13, 30549, 68448, 173346, 36218, 40692, 178900, 9209, 3076]"
"[6193, 1785, 4136, 1868]","[822, 13, 30549, 68448, 173346, 36218, 40692, 178900, 9209, 3076]"
"[7490, 1843, 4322, 3840]","[822, 13, 30549, 68448, 173346, 36218, 40692, 178900, 9209, 3076]"
"[2073, 7566, 7340, 6762]","[822, 13, 30549, 68448, 173346, 36218, 40692, 178900, 9209, 3076]"
"[3598, 866, 6333, 1156]","[822, 13, 30549, 68448, 173346, 36218, 40692, 178900, 9209, 3076]"
"[183, 3273, 4943, 5477]","[822, 13, 30549, 68448, 173346, 36218, 40692, 178900, 9209, 3076]"
"[3823, 4613, 6909, 4891]","[822, 13, 30549, 68448, 173346, 36218, 40692, 178900, 9209, 3076]"
"[6963, 5367, 4064, 4910]","[822, 13, 30549, 68448, 173346, 40692, 178900, 9209, 3076, 36218]"
"[6559, 7573, 2378, 3991]","[822, 13, 30549, 68448, 173346, 36218, 40692, 178900, 9209, 3076]"
"[895, 3619, 4126, 3771]","[822, 13, 30549, 68448, 173346, 36218, 40692, 178900, 9209, 3076]"
"[3991, 6268, 2796, 4787]","[822, 13, 30549, 68448, 173346, 36218, 40692, 178900, 9209, 3076]"
"[7327, 221, 2903, 1928]","[822, 13, 30549, 68448, 173346, 36218, 40692, 178900, 9209, 3076]"
"[2607, 1221, 936, 7557]","[822, 13, 30549, 68448, 173346, 36218, 40692, 178900, 9209, 3076]"
"[7095, 7488, 7060, 2629]","[822, 13, 30549, 68448, 173346, 36218, 40692, 178900, 9209, 3076]"
"[135, 1050, 110, 7149]","[822, 13, 30549, 68448, 173346, 36218, 40692, 178900, 9209, 3076]"
"[7628, 6839, 4890, 7419]","[822, 13, 30549, 68448, 173346, 36218, 40692, 178900, 9209, 3076]"
"[3750, 6714, 6507, 7424]","[822, 13, 30549, 68448, 173346, 36218, 40692, 178900, 9209, 3076]"
"[1140, 2488, 699, 4891]","[822, 13, 30549, 68448, 173346, 36218, 40692, 178900, 9209, 3076]"
"[1196, 3223, 5661, 1504]","[822, 13, 30549, 68448, 173346, 36218, 40692, 178900, 9209, 3076]"
"[5655, 4382, 4430, 1140]","[822, 13, 30549, 68448, 173346, 40692, 178900, 9209, 3076, 36218]"
"[2560, 5170, 7280, 1172]","[822, 13, 30549, 68448, 173346, 36218, 40692, 178900, 9209, 3076]"
"[4546, 1631, 4895, 3232]","[822, 13, 30549, 68448, 173346, 36218, 178900, 9209, 3076, 40692]"
"[3490, 1558, 5713, 5421]","[822, 13, 30549, 68448, 173346, 36218, 40692, 178900, 9209, 3076]"
"[4220, 5005, 5484, 5596]","[822, 13, 30549, 68448, 173346, 36218, 40692, 178900, 9209, 3076]"
"[3682, 2060, 3184, 6434]","[822, 13, 30549, 68448, 173346, 40692, 178900, 9209, 3076, 36218]"
"[5715, 362, 1319, 226]","[822, 13, 30549, 68448, 173346, 36218, 40692, 178900, 9209, 167791]"
"[6055, 4408, 4160, 6429]","[822, 13, 30549, 68448, 173346, 36218, 40692, 178900, 9209, 3076]"
"[6299, 295, 5431, 6144]","[822, 30549, 68448, 173346, 40692, 9209, 3076, 13, 36218, 178900]"
"[6717, 3600, 5355, 6980]","[822, 13, 30549, 68448, 173346, 36218, 40692, 178900, 9209, 3076]"
"[1949, 5465, 3350, 1546]","[822, 13, 30549, 68448, 173346, 36218, 178900, 9209, 3076, 40692]"
"[6316, 6752, 5100, 2415]","[822, 13, 30549, 68448, 173346, 36218, 40692, 9209, 3076, 178900]"
"[3991, 5257, 3828, 537]","[822, 13, 30549, 68448, 36218, 40692, 9209, 3076, 173346, 178900]"
"[7020, 4793, 2025, 6666]","[822, 13, 30549, 68448, 173346, 36218, 40692, 178900, 9209, 3076]"
"[2481, 2401, 4432, 5433]","[822, 13, 30549, 68448, 173346, 36218, 40692, 178900, 9209, 3076]"
"[7912, 1086, 4552, 4029]","[822, 13, 30549, 68448, 173346, 36218, 40692, 178900, 9209, 3076]"
"[5645, 5042, 4552, 4799]","[822, 13, 30549, 68448, 173346, 36218, 40692, 178900, 9209, 3076]"
"[5481, 1626, 6448, 6233]","[822, 13, 30549, 68448, 173346, 36218, 40692, 178900, 9209, 3076]"
"[4572, 817, 1785, 7183]","[822, 13, 30549, 68448, 173346, 36218, 40692, 178900, 9209, 3076]"
"[1836, 2073, 6456, 6391]","[822, 13, 30549, 68448, 173346, 36218, 40692, 178900, 9209, 3076]"
"[7191, 2285, 471, 7227]","[822, 13, 30549, 68448, 173346, 36218, 40692, 178900, 9209, 3076]"
"[4034, 6413, 6004, 1642]","[822, 13, 30549, 68448, 173346, 36218, 40692, 178900, 9209, 3076]"
"[6909, 6099, 5646, 4774]","[822, 13, 30549, 68448, 173346, 36218, 40692, 178900, 9209, 3076]"
"[872, 1414, 6298, 4381]","[822, 13, 30549, 68448, 173346, 36218, 40692, 9209, 3076, 178900]"
"[6106, 7780, 2764, 202]","[822, 13, 30549, 68448, 173346, 36218, 40692, 178900, 9209, 3076]"
"[5018, 842, 4777, 2635]","[822, 13, 30549, 68448, 173346, 36218, 40692, 178900, 9209, 3076]"
"[605, 6429, 6386, 5788]","[822, 13, 30549, 68448, 173346, 36218, 40692, 178900, 9209, 3076]"
"[2324, 7227, 3298, 1849]","[822, 13, 30549, 68448, 173346, 36218, 40692, 178900, 9209, 3076]"
"[5657, 7647, 6036, 215]","[822, 13, 30549, 68448, 173346, 36218, 40692, 178900, 9209, 3076]"
"[3019, 6793, 2413, 5858]","[822, 13, 30549, 68448, 173346, 36218, 40692, 178900, 9209, 3076]"
"[6754, 4832, 568, 5560]","[822, 13, 30549, 68448, 173346, 36218, 40692, 178900, 9209, 3076]"
"[6067, 1021, 3451, 1860]","[822, 13, 30549, 68448, 173346, 36218, 40692, 178900, 9209, 3076]"
"[5360, 274, 3554, 4159]","[822, 13, 30549, 68448, 173346, 36218, 40692, 9209, 3076, 178900]"
"[5626, 5061, 1073, 4254]","[822, 13, 30549, 68448, 173346, 36218, 40692, 178900, 9209, 3076]"
"[813, 5828, 608, 6447]","[822, 13, 30549, 68448, 173346, 36218, 40692, 9209, 3076, 178900]"
"[6601, 6672, 2254, 1642]","[822, 13, 30549, 68448, 173346, 36218, 40692, 9209, 3076, 178900]"
"[5072, 2644, 2444, 7853]","[822, 13, 30549, 68448, 173346, 36218, 40692, 178900, 9209, 3076]"
"[2470, 6422, 2617, 3767]","[822, 13, 30549, 68448, 173346, 36218, 40692, 178900, 9209, 3076]"
"[2796, 6326, 6620, 3401]","[822, 13, 30549, 68448, 173346, 36218, 40692, 178900, 9209, 3076]"
"[3387, 4970, 1358, 570]","[822, 13, 30549, 68448, 173346, 36218, 178900, 9209, 3076, 40692]"
"[5541, 7289, 2613, 5080]","[822, 13, 30549, 68448, 173346, 36218, 40692, 178900, 9209, 3076]"
"[5084, 6981, 6644, 4986]","[822, 13, 30549, 68448, 36218, 40692, 178900, 9209, 3076, 173346]"
"[6408, 929, 4187, 43]","[822, 13, 30549, 68448, 173346, 36218, 40692, 178900, 9209, 3076]"
"[7950, 4437, 5568, 7638]","[822, 13, 30549, 68448, 173346, 36218, 40692, 178900, 9209, 3076]"
"[2168, 443, 5074, 5203]","[822, 13, 30549, 68448, 173346, 40692, 178900, 9209, 3076, 36218]"
"[6537, 4635, 6491, 646]","[822, 13, 30549, 68448, 173346, 36218, 40692, 178900, 9209, 3076]"
"[6717, 4008, 1954, 5778]","[822, 13, 30549, 68448, 173346, 36218, 40692, 178900, 9209, 3076]"
"[6980, 2825, 6928, 5645]","[822, 13, 30549, 68448, 173346, 36218, 40692, 178900, 9209, 3076]"
"[7025, 7020, 5772, 6278]","[822, 13, 30549, 68448, 173346, 36218, 40692, 178900, 9209, 3076]"
"[2484, 3716, 4234, 7549]","[822, 13, 30549, 68448, 173346, 36218, 40692, 178900, 9209, 3076]"
"[4574, 5120, 3791, 3516]","[822, 13, 30549, 68448, 173346, 36218, 40692, 178900, 9209, 3076]"
"[5924, 1569, 4382, 1957]","[822, 13, 30549, 68448, 173346, 36218, 40692, 178900, 9209, 3076]"
"[3135, 1539, 85, 5828]","[822, 13, 30549, 68448, 173346, 36218, 40692, 178900, 9209, 3076]"
"[4257, 6134, 3129, 404]","[822, 13, 30549, 68448, 173346, 36218, 40692, 178900, 9209, 3076]"
"[842, 5596, 4680, 7318]","[822, 13, 30549, 68448, 173346, 36218, 40692, 178900, 9209, 3076]"
"[2270, 1262, 5865, 4913]","[822, 13, 30549, 68448, 173346, 36218, 40692, 178900, 9209, 3076]"
"[701, 2962, 4579, 6775]","[822, 13, 30549, 68448, 173346, 36218, 40692, 178900, 9209, 3076]"
"[1630, 3063, 5299, 2467]","[822, 13, 30549, 68448, 173346, 36218, 40692, 178900, 9209, 3076]"
"[5809, 6661, 7124, 4264]","[822, 13, 30549, 68448, 173346, 36218, 40692, 178900, 9209, 3076]"
"[1681, 2742, 3722, 1945]","[822, 13, 30549, 68448, 173346, 36218, 40692, 178900, 9209, 3076]"
"[6914, 2910, 6531, 5297]","[822, 13, 30549, 68448, 173346, 36218, 40692, 178900, 9209, 3076]"
"[4391, 2783, 7286, 3478]","[822, 13, 30549, 68448, 173346, 36218, 40692, 178900, 9209, 3076]"
"[6813, 2250, 7658, 3405]","[822, 13, 30549, 68448, 173346, 36218, 40692, 178900, 9209, 3076]"
"[7170, 5232, 2148, 565]","[822, 13, 30549, 68448, 173346, 36218, 40692, 178900, 9209, 3076]"
"[2692, 3401, 5196, 6375]","[822, 13, 30549, 68448, 173346, 36218, 40692, 178900, 9209, 3076]"
"[1954, 7666, 3214, 2676]","[822, 13, 30549, 68448, 36218, 178900, 9209, 3076, 173346, 40692]"
"[6609, 1280, 2208, 3199]","[822, 13, 30549, 68448, 173346, 36218, 40692, 178900, 9209, 3076]"
"[3539, 730, 3223, 3970]","[822, 13, 30549, 68448, 173346, 36218, 40692, 178900, 9209, 3076]"
"[4059, 5612, 6620, 891]","[822, 13, 30549, 68448, 173346, 36218, 40692, 178900, 9209, 3076]"
"[7049, 6283, 681, 4697]","[822, 13, 30549, 68448, 173346, 36218, 40692, 178900, 9209, 3076]"
"[3596, 6148, 3464, 878]","[822, 13, 30549, 68448, 173346, 36218, 40692, 178900, 9209, 3076]"
"[3087, 5116, 1213, 2716]","[822, 13, 30549, 68448, 173346, 36218, 40692, 178900, 9209, 3076]"
"[6404, 99, 1539, 1653]","[822, 13, 30549, 68448, 173346, 36218, 40692, 178900, 9209, 3076]"
"[6486, 7036, 7691, 1582]","[822, 13, 30549, 68448, 173346, 36218, 40692, 178900, 9209, 3076]"
"[4895, 942, 3478, 1371]","[822, 13, 30549, 68448, 173346, 36218, 178900, 9209, 3076, 40692]"
"[5253, 5041, 2609, 2839]","[822, 13, 30549, 68448, 173346, 36218, 40692, 178900, 9209, 3076]"
"[505, 1572, 5627, 6336]","[822, 13, 30549, 68448, 173346, 36218, 40692, 178900, 9209, 3076]"
"[4303, 6578, 1718, 4725]","[822, 13, 30549, 68448, 36218, 40692, 178900, 9209, 3076, 173346]"
"[2240, 190, 730, 869]","[822, 13, 30549, 68448, 173346, 36218, 178900, 9209, 3076, 40692]"
"[7220, 6434, 79, 808]","[822, 13, 30549, 68448, 173346, 36218, 40692, 178900, 9209, 3076]"
"[1318, 118, 3238, 2238]","[822, 13, 30549, 68448, 173346, 36218, 40692, 178900, 9209, 3076]"
"[1724, 4518, 7657, 2267]","[822, 13, 30549, 68448, 173346, 36218, 40692, 178900, 9209, 3076]"
"[6184, 998, 4435, 7638]","[822, 13, 30549, 68448, 173346, 36218, 40692, 178900, 9209, 3076]"
"[2017, 6466, 5182, 3119]","[822, 13, 30549, 68448, 173346, 36218, 40692, 178900, 9209, 3076]"
"[687, 5648, 7566, 2378]","[822, 13, 30549, 68448, 173346, 36218, 40692, 178900, 9209, 3076]"
"[2967, 2822, 5514, 6377]","[822, 13, 30549, 68448, 173346, 36218, 40692, 178900, 9209, 3076]"
"[7222, 3770, 5783, 11]","[822, 13, 30549, 68448, 173346, 36218, 40692, 178900, 9209, 3076]"
"[5899, 3185, 7025, 7039]","[822, 13, 30549, 68448, 173346, 36218, 40692, 178900, 9209, 3076]"
"[5803, 4120, 1205, 1256]","[822, 13, 30549, 68448, 173346, 36218, 40692, 178900, 9209, 3076]"
"[5041, 3179, 4187, 1196]","[822, 13, 30549, 68448, 173346, 36218, 40692, 178900, 9209, 3076]"
"[1188, 5120, 4566, 2699]","[822, 13, 30549, 68448, 173346, 36218, 40692, 9209, 3076, 178900]"
"[5702, 7065, 4437, 4108]","[822, 13, 30549, 68448, 173346, 36218, 40692, 178900, 9209, 3076]"
"[2591, 5299, 4192, 6963]","[822, 13, 30549, 68448, 173346, 36218, 40692, 178900, 9209, 3076]"
"[6283, 2368, 7238, 6314]","[822, 13, 30549, 68448, 173346, 36218, 40692, 178900, 9209, 3076]"
"[1523, 4635, 7670, 3686]","[822, 13, 30549, 68448, 173346, 36218, 40692, 178900, 9209, 3076]"
"[1945, 5617, 7138, 2791]","[822, 13, 30549, 68448, 173346, 36218, 40692, 178900, 9209, 3076]"
"[2415, 570, 4720, 4173]","[822, 13, 30549, 68448, 173346, 40692, 178900, 9209, 3076, 36218]"
"[5152, 1208, 3080, 5346]","[822, 13, 30549, 68448, 173346, 36218, 40692, 178900, 9209, 3076]"
"[2783, 5869, 755, 4566]","[822, 13, 30549, 68448, 173346, 36218, 40692, 178900, 9209, 3076]"
"[6917, 7939, 208, 1416]","[822, 13, 30549, 68448, 173346, 36218, 40692, 178900, 9209, 3076]"
"[5012, 2160, 5725, 6597]","[822, 13, 30549, 68448, 173346, 36218, 40692, 178900, 9209, 3076]"
"[1727, 3235, 7196, 52]","[822, 13, 30549, 68448, 173346, 36218, 40692, 178900, 9209, 3076]"
"[5236, 6044, 6076, 1751]","[822, 13, 30549, 68448, 173346, 36218, 40692, 178900, 9209, 3076]"
"[7329, 6690, 3706, 1508]","[822, 13, 30549, 68448, 173346, 36218, 40692, 178900, 9209, 3076]"
"[2175, 6265, 3805, 5954]","[822, 13, 30549, 68448, 173346, 36218, 40692, 178900, 9209, 3076]"
"[5241, 712, 6889, 3304]","[822, 13, 30549, 68448, 173346, 36218, 178900, 40692, 9209, 3076]"
"[256, 6446, 295, 1215]","[822, 13, 30549, 68448, 173346, 36218, 40692, 178900, 9209, 3076]"
"[2286, 4120, 7065, 3713]","[822, 13, 30549, 68448, 173346, 36218, 40692, 178900, 9209, 3076]"
"[7168, 2292, 7237, 484]","[822, 13, 30549, 68448, 173346, 36218, 40692, 178900, 9209, 3076]"
"[7191, 4683, 6468, 2949]","[822, 13, 30549, 68448, 173346, 36218, 40692, 178900, 9209, 3076]"
"[2910, 2052, 6122, 21]","[822, 13, 30549, 68448, 173346, 36218, 40692, 178900, 9209, 3076]"
"[2922, 7860, 1218, 1558]","[822, 13, 30549, 68448, 173346, 36218, 40692, 178900, 9209, 3076]"
"[1458, 7703, 2412, 4079]","[822, 13, 30549, 68448, 173346, 36218, 40692, 178900, 9209, 3076]"
"[2061, 6081, 1854, 752]","[822, 13, 30549, 68448, 173346, 36218, 40692, 9209, 3076, 178900]"
"[2767, 4267, 3405, 5481]","[822, 13, 30549, 68448, 173346, 36218, 40692, 178900, 9209, 3076]"
"[697, 4097, 5022, 5119]","[822, 13, 30549, 68448, 173346, 36218, 40692, 178900, 9209, 3076]"
"[5753, 5313, 4116, 7801]","[822, 13, 30549, 68448, 173346, 36218, 40692, 178900, 9209, 3076]"
"[2484, 5535, 295, 3802]","[822, 13, 30549, 68448, 173346, 36218, 40692, 178900, 9209, 3076]"
"[3486, 4264, 3400, 5791]","[822, 13, 30549, 68448, 173346, 36218, 40692, 178900, 9209, 3076]"
"[4373, 3843, 1853, 6468]","[822, 13, 30549, 68448, 173346, 36218, 40692, 178900, 9209, 3076]"
"[5384, 3180, 65, 3908]","[822, 13, 30549, 68448, 173346, 40692, 178900, 9209, 3076, 36218]"
"[4681, 7992, 7929, 1450]","[822, 13, 30549, 68448, 173346, 36218, 40692, 178900, 9209, 3076]"
"[2031, 1041, 2530, 3598]","[822, 13, 30549, 68448, 173346, 36218, 40692, 178900, 9209, 3076]"
"[687, 559, 5378, 5257]","[822, 13, 30549, 68448, 173346, 36218, 40692, 9209, 178900, 167791]"
"[1788, 4815, 3772, 6235]","[822, 13, 30549, 68448, 173346, 36218, 40692, 178900, 9209, 3076]"
"[389, 5575, 3119, 6762]","[822, 13, 30549, 68448, 173346, 36218, 40692, 178900, 9209, 3076]"
"[5590, 6233, 3883, 7240]","[822, 13, 30549, 68448, 173346, 36218, 40692, 178900, 9209, 3076]"
"[7868, 2380, 5182, 7543]","[822, 13, 30549, 68448, 173346, 36218, 40692, 178900, 9209, 3076]"
"[1284, 4366, 6871, 229]","[822, 13, 30549, 68448, 173346, 36218, 40692, 178900, 9209, 3076]"
"[5907, 962, 3738, 96]","[822, 13, 30549, 68448, 173346, 36218, 40692, 178900, 9209, 3076]"
"[3655, 3269, 55, 3929]","[822, 13, 30549, 68448, 173346, 36218, 40692, 178900, 9209, 3076]"
"[5316, 5214, 471, 4263]","[822, 13, 30549, 68448, 173346, 36218, 40692, 178900, 9209, 3076]"
"[5061, 1816, 5069, 4296]","[822, 13, 30549, 68448, 36218, 40692, 178900, 9209, 3076, 173346]"
"[3184, 4307, 201, 7244]","[822, 13, 30549, 68448, 36218, 40692, 178900, 9209, 173346, 3076]"
"[628, 55, 4011, 186]","[822, 13, 30549, 68448, 173346, 36218, 40692, 178900, 9209, 3076]"
"[6292, 1021, 1049, 7907]","[822, 13, 30549, 68448, 173346, 36218, 40692, 178900, 9209, 3076]"
"[1737, 2553, 1224, 6897]","[822, 13, 30549, 68448, 173346, 36218, 40692, 178900, 9209, 3076]"
"[2736, 5732, 2271, 6495]","[822, 13, 30549, 68448, 173346, 36218, 40692, 178900, 9209, 3076]"
"[7711, 2367, 6004, 5295]","[822, 13, 30549, 68448, 173346, 36218, 40692, 178900, 9209, 3076]"
"[2060, 5033, 4004, 3304]","[822, 13, 30549, 68448, 173346, 36218, 40692, 178900, 9209, 3076]"
"[1226, 7332, 648, 7625]","[822, 13, 30549, 68448, 36218, 40692, 178900, 9209, 3076, 173346]"
"[6854, 7526, 3205, 4984]","[822, 13, 30549, 68448, 173346, 36218, 178900, 9209, 3076, 40692]"
"[6366, 98, 3652, 5891]","[822, 13, 30549, 68448, 36218, 40692, 178900, 9209, 3076, 173346]"
"[3849, 5237, 1447, 6233]","[822, 13, 30549, 68448, 173346, 36218, 40692, 178900, 9209, 3076]"
"[6041, 2380, 4470, 5533]","[822, 13, 30549, 68448, 173346, 36218, 40692, 178900, 9209, 3076]"
"[6561, 7683, 4634, 6828]","[822, 13, 30549, 68448, 36218, 40692, 178900, 9209, 3076, 173346]"
"[4709, 3306, 7913, 3750]","[822, 13, 30549, 68448, 173346, 36218, 40692, 178900, 9209, 3076]"
"[3883, 1270, 5877, 312]","[822, 13, 30549, 68448, 173346, 36218, 40692, 178900, 9209, 3076]"
"[3082, 3507, 745, 7953]","[822, 13, 30549, 68448, 173346, 36218, 40692, 178900, 9209, 3076]"
"[2015, 3214, 2328, 494]","[822, 13, 30549, 68448, 173346, 36218, 178900, 9209, 3076, 40692]"
"[7258, 3183, 3306, 4347]","[822, 13, 30549, 68448, 173346, 36218, 178900, 9209, 3076, 40692]"
"[5609, 1245, 5203, 3000]","[822, 13, 30549, 68448, 173346, 36218, 40692, 178900, 9209, 3076]"
"[3256, 2716, 7543, 7649]","[822, 13, 30549, 68448, 173346, 36218, 40692, 178900, 9209, 3076]"
"[899, 2811, 396, 7331]","[822, 13, 30549, 68448, 173346, 36218, 40692, 178900, 9209, 3076]"
"[2274, 182, 1359, 7065]","[822, 13, 30549, 68448, 173346, 36218, 40692, 178900, 9209, 3076]"
"[3257, 6678, 5591, 2826]","[822, 13, 30549, 68448, 173346, 36218, 40692, 9209, 3076, 178900]"
"[7711, 6910, 6122, 1384]","[822, 13, 30549, 68448, 173346, 36218, 40692, 178900, 9209, 3076]"
"[3457, 5778, 227, 2774]","[822, 13, 30549, 68448, 173346, 36218, 40692, 178900, 9209, 3076]"
"[6133, 4926, 3864, 5077]","[822, 13, 30549, 68448, 173346, 36218, 40692, 178900, 9209, 3076]"
"[1902, 2991, 3205, 3490]","[822, 13, 30549, 68448, 173346, 36218, 40692, 9209, 3076, 178900]"
"[24, 1330, 4445, 6760]","[822, 13, 30549, 68448, 173346, 36218, 40692, 178900, 9209, 3076]"
"[7340, 432, 1720, 6981]","[822, 13, 30549, 68448, 173346, 36218, 40692, 178900, 9209, 3076]"
"[5100, 7947, 6076, 2692]","[822, 13, 30549, 68448, 173346, 36218, 40692, 178900, 9209, 3076]"
"[889, 1563, 7820, 1865]","[822, 13, 30549, 68448, 173346, 36218, 40692, 178900, 9209, 3076]"
"[1593, 972, 1200, 7329]","[822, 13, 30549, 68448, 173346, 36218, 40692, 178900, 9209, 3076]"
"[261, 5236, 7094, 2460]","[822, 13, 30549, 68448, 173346, 40692, 178900, 9209, 3076, 36218]"
"[7195, 6609, 1976, 1720]","[822, 13, 30549, 68448, 173346, 36218, 40692, 178900, 9209, 3076]"
"[6002, 322, 6917, 524]","[822, 13, 30549, 68448, 173346, 36218, 40692, 178900, 9209, 3076]"
"[2012, 7343, 7679, 2322]","[822, 13, 30549, 68448, 36218, 40692, 9209, 3076, 178900, 173346]"
"[7818, 1516, 2677, 5220]","[822, 13, 30549, 68448, 173346, 36218, 40692, 178900, 9209, 3076]"
"[6719, 3862, 2191, 1475]","[822, 13, 30549, 68448, 173346, 36218, 40692, 178900, 9209, 3076]"
"[2520, 4950, 6689, 7015]","[822, 13, 30549, 68448, 173346, 36218, 40692, 178900, 9209, 3076]"
"[4724, 5591, 1298, 6266]","[822, 13, 30549, 68448, 173346, 36218, 40692, 9209, 3076, 178900]"
"[7999, 5196, 5241, 4635]","[822, 13, 30549, 68448, 173346, 36218, 40692, 178900, 9209, 3076]"
"[1599, 1927, 7797, 5060]","[822, 13, 30549, 68448, 173346, 36218, 40692, 178900, 9209, 3076]"
"[6618, 5348, 4697, 3289]","[822, 13, 30549, 68448, 173346, 36218, 40692, 178900, 9209, 3076]"
"[2677, 5080, 5702, 5010]","[822, 13, 30549, 68448, 173346, 36218, 40692, 178900, 9209, 3076]"
"[4810, 3706, 4053, 3284]","[822, 30549, 68448, 173346, 36218, 40692, 178900, 9209, 3076, 13]"
"[283, 4935, 5179, 5058]","[822, 13, 30549, 68448, 173346, 36218, 40692, 178900, 9209, 3076]"
"[3775, 7912, 7010, 3557]","[822, 13, 30549, 68448, 173346, 36218, 40692, 178900, 9209, 3076]"
"[2728, 6689, 5230, 7149]","[822, 13, 30549, 68448, 173346, 36218, 40692, 178900, 9209, 3076]"
"[190, 862, 3660, 1317]","[822, 13, 30549, 68448, 173346, 36218, 178900, 9209, 3076, 40692]"
"[1817, 802, 7742, 3436]","[822, 13, 30549, 68448, 36218, 40692, 178900, 9209, 3076, 173346]"
"[7573, 5492, 5615, 6986]","[822, 13, 30549, 68448, 173346, 36218, 40692, 178900, 9209, 3076]"
"[5777, 2783, 2204, 6578]","[822, 13, 30549, 68448, 173346, 36218, 40692, 178900, 9209, 3076]"
"[2536, 3214, 2775, 6186]","[822, 13, 30549, 68448, 173346, 36218, 178900, 9209, 3076, 40692]"
"[4691, 5834, 1733, 86]","[822, 13, 30549, 68448, 36218, 40692, 178900, 9209, 3076, 173346]"
"[7655, 6510, 3617, 3472]","[822, 13, 30549, 68448, 173346, 36218, 40692, 178900, 9209, 3076]"
"[100, 946, 6013, 2208]","[822, 30549, 68448, 173346, 36218, 40692, 178900, 9209, 3076, 13]"
"[4758, 6632, 2695, 187]","[822, 13, 30549, 68448, 173346, 36218, 9209, 40692, 178900, 167791]"
"[3013, 369, 5732, 1965]","[822, 13, 30549, 68448, 173346, 36218, 40692, 178900, 9209, 3076]"
"[7244, 4229, 5533, 2015]","[822, 13, 30549, 68448, 36218, 40692, 178900, 9209, 173346, 3076]"
"[1094, 5584, 202, 6775]","[822, 13, 30549, 68448, 173346, 36218, 40692, 178900, 9209, 3076]"
"[7216, 6902, 7020, 3446]","[822, 13, 30549, 68448, 173346, 36218, 40692, 178900, 9209, 3076]"
"[3979, 1401, 651, 2946]","[822, 13, 30549, 68448, 36218, 40692, 9209, 3076, 173346, 178900]"
"[7080, 3244, 1517, 2887]","[822, 13, 30549, 68448, 173346, 40692, 178900, 9209, 3076, 36218]"
"[7781, 2927, 6813, 7387]","[822, 13, 30549, 68448, 173346, 36218, 40692, 178900, 9209, 3076]"
"[2050, 7660, 653, 4268]","[822, 13, 30549, 68448, 173346, 36218, 40692, 178900, 9209, 3076]"
"[3843, 586, 2942, 1510]","[822, 13, 30549, 68448, 173346, 36218, 40692, 178900, 9209, 3076]"
"[5787, 3347, 2579, 7570]","[822, 13, 30549, 68448, 173346, 36218, 40692, 178900, 9209, 3076]"
"[3123, 3696, 5010, 1788]","[822, 13, 30549, 68448, 173346, 36218, 40692, 178900, 9209, 3076]"
"[2234, 3256, 4067, 3738]","[822, 13, 30549, 68448, 173346, 178900, 9209, 40692, 3076, 36218]"
"[7020, 1752, 2436, 6083]","[822, 13, 30549, 68448, 36218, 178900, 9209, 173346, 40692, 3076]"
"[7306, 4523, 3069, 6147]","[822, 13, 30549, 68448, 173346, 178900, 9209, 3076, 36218, 40692]"
"[7216, 2566, 7047, 885]","[822, 13, 30549, 68448, 173346, 36218, 40692, 178900, 9209, 3076]"
"[300, 3404, 2412, 5644]","[822, 13, 30549, 68448, 173346, 36218, 40692, 178900, 9209, 3076]"
"[913, 3326, 3034, 4250]","[822, 13, 30549, 68448, 173346, 36218, 40692, 178900, 9209, 3076]"
"[2249, 5697, 1914, 7943]","[822, 13, 30549, 68448, 173346, 36218, 40692, 178900, 9209, 3076]"
"[5794, 3510, 7209, 869]","[822, 13, 30549, 68448, 173346, 36218, 40692, 178900, 9209, 3076]"
"[1132, 1270, 3918, 7703]","[822, 13, 30549, 68448, 173346, 36218, 40692, 178900, 9209, 3076]"
"[746, 1587, 1948, 7470]","[822, 13, 30549, 68448, 173346, 36218, 40692, 178900, 9209, 3076]"
"[2566, 1692, 3490, 1414]","[822, 13, 30549, 68448, 173346, 36218, 40692, 9209, 3076, 178900]"
"[3917, 1446, 6730, 4267]","[822, 13, 30549, 68448, 173346, 36218, 40692, 178900, 9209, 3076]"
"[4786, 2762, 6553, 3617]","[822, 30549, 68448, 173346, 36218, 40692, 178900, 9209, 3076, 13]"
"[782, 327, 1751, 1919]","[822, 13, 30549, 68448, 173346, 36218, 40692, 178900, 9209, 3076]"
"[85, 1630, 3555, 2270]","[822, 13, 30549, 68448, 173346, 36218, 40692, 178900, 9209, 3076]"
"[6871, 4103, 6087, 4282]","[822, 13, 30549, 68448, 173346, 36218, 40692, 178900, 9209, 3076]"
"[2273, 3264, 3930, 1344]","[822, 13, 30549, 68448, 173346, 36218, 40692, 178900, 9209, 3076]"
"[6854, 2570, 2275, 4123]","[822, 13, 30549, 68448, 173346, 36218, 40692, 178900, 9209, 3076]"
"[301, 2141, 3533, 100]","[822, 13, 30549, 68448, 173346, 36218, 40692, 178900, 9209, 3076]"
"[3180, 1501, 2043, 1932]","[822, 13, 30549, 68448, 173346, 36218, 40692, 178900, 9209, 3076]"
"[6260, 4913, 6320, 3970]","[822, 13, 30549, 68448, 173346, 36218, 40692, 178900, 9209, 3076]"
"[191, 5018, 7970, 4986]","[822, 13, 30549, 68448, 36218, 40692, 178900, 9209, 3076, 173346]"
"[505, 6912, 3160, 1315]","[822, 13, 30549, 68448, 173346, 36218, 40692, 178900, 9209, 3076]"
"[4056, 7649, 4460, 3009]","[822, 13, 30549, 68448, 173346, 36218, 40692, 178900, 9209, 3076]"
"[2936, 2318, 7696, 1957]","[822, 13, 30549, 68448, 173346, 36218, 40692, 178900, 9209, 3076]"
"[4847, 2962, 4733, 52]","[822, 13, 30549, 68448, 173346, 36218, 40692, 178900, 9209, 3076]"
"[5077, 2805, 4568, 5551]","[822, 13, 30549, 68448, 173346, 36218, 40692, 178900, 9209, 3076]"
"[7687, 4499, 4557, 6870]","[822, 13, 30549, 68448, 173346, 36218, 40692, 178900, 9209, 3076]"
"[6839, 537, 1843, 5919]","[822, 13, 30549, 68448, 36218, 40692, 178900, 9209, 3076, 173346]"
"[5637, 7289, 4986, 3181]","[822, 13, 30549, 68448, 36218, 40692, 178900, 9209, 3076, 173346]"
"[2743, 3466, 2677, 4911]","[822, 13, 30549, 68448, 173346, 36218, 40692, 178900, 9209, 3076]"
"[4585, 5864, 4503, 1743]","[822, 13, 30549, 68448, 173346, 40692, 178900, 9209, 3076, 36218]"
"[4650, 2536, 4480, 1733]","[822, 13, 30549, 68448, 36218, 40692, 178900, 9209, 3076, 173346]"
"[899, 2459, 4348, 5313]","[822, 13, 30549, 68448, 173346, 36218, 40692, 178900, 9209, 3076]"
"[5749, 6576, 7437, 1817]","[822, 13, 30549, 68448, 36218, 40692, 178900, 9209, 3076, 173346]"
"[7437, 5889, 3937, 793]","[822, 13, 30549, 68448, 173346, 36218, 40692, 178900, 9209, 3076]"
"[4435, 2629, 6840, 4430]","[822, 13, 30549, 68448, 173346, 36218, 40692, 178900, 9209, 3076]"
"[2801, 822, 1816, 3164]","[822, 13, 30549, 68448, 173346, 36218, 40692, 178900, 9209, 3076]"
"[2085, 7172, 2234, 5252]","[822, 13, 30549, 68448, 173346, 40692, 178900, 9209, 3076, 36218]"
"[6140, 7245, 3108, 215]","[822, 13, 30549, 68448, 173346, 36218, 40692, 178900, 9209, 3076]"
"[5568, 2175, 4264, 379]","[822, 13, 30549, 68448, 173346, 36218, 40692, 178900, 9209, 3076]"
"[754, 2322, 5826, 2185]","[822, 13, 30549, 68448, 173346, 36218, 40692, 178900, 9209, 3076]"
"[3119, 2367, 6409, 3164]","[822, 13, 30549, 68448, 173346, 36218, 40692, 178900, 9209, 3076]"
"[5514, 708, 7687, 2764]","[822, 13, 30549, 68448, 173346, 36218, 40692, 178900, 9209, 3076]"
"[5801, 970, 4319, 3979]","[822, 13, 30549, 68448, 173346, 36218, 40692, 9209, 3076, 178900]"
"[810, 6705, 227, 1576]","[822, 13, 30549, 68448, 173346, 36218, 40692, 178900, 9209, 3076]"
"[3040, 3711, 3598, 4157]","[822, 13, 30549, 68448, 173346, 36218, 40692, 178900, 9209, 3076]"
"[1642, 4282, 6809, 1151]","[822, 13, 30549, 68448, 173346, 36218, 40692, 178900, 9209, 3076]"
"[1517, 190, 5626, 2695]","[822, 13, 30549, 68448, 173346, 178900, 9209, 3076, 36218, 40692]"
"[822, 4503, 4891, 3232]","[822, 13, 30549, 68448, 173346, 36218, 40692, 178900, 9209, 3076]"
"[2587, 4910, 3330, 7924]","[822, 13, 30549, 68448, 173346, 40692, 178900, 9209, 3076, 36218]"
"[4299, 292, 272, 1291]","[822, 13, 30549, 68448, 173346, 36218, 40692, 178900, 9209, 3076]"
"[2198, 3979, 1523, 1204]","[822, 13, 30549, 68448, 173346, 36218, 40692, 9209, 3076, 178900]"
"[6314, 5424, 6795, 570]","[822, 13, 30549, 68448, 173346, 36218, 40692, 178900, 9209, 3076]"
"[4436, 7031, 1032, 3723]","[822, 13, 30549, 68448, 173346, 36218, 40692, 178900, 9209, 3076]"
"[3989, 4297, 7662, 1765]","[822, 13, 30549, 68448, 173346, 36218, 40692, 178900, 9209, 3076]"
"[1306, 1075, 5560, 7490]","[822, 13, 30549, 68448, 173346, 36218, 40692, 178900, 9209, 3076]"
"[4832, 605, 3581, 1615]","[822, 13, 30549, 68448, 173346, 36218, 40692, 178900, 9209, 3076]"
"[4373, 327, 5344, 6076]","[822, 13, 30549, 68448, 173346, 36218, 40692, 178900, 9209, 3076]"
"[6144, 3686, 1932, 6751]","[822, 13, 30549, 68448, 173346, 36218, 40692, 178900, 9209, 3076]"
"[5152, 7063, 4435, 4532]","[822, 13, 30549, 68448, 173346, 36218, 40692, 178900, 9209, 3076]"
"[2857, 6483, 1914, 3970]","[822, 13, 30549, 68448, 173346, 36218, 40692, 178900, 9209, 3076]"
"[469, 7314, 7612, 5725]","[822, 13, 30549, 68448, 173346, 36218, 40692, 178900, 9209, 3076]"
"[4191, 2776, 221, 165]","[822, 13, 30549, 68448, 173346, 36218, 40692, 178900, 9209, 3076]"
"[909, 4752, 1399, 5170]","[822, 13, 30549, 68448, 173346, 36218, 40692, 178900, 9209, 3076]"
"[2031, 5331, 7347, 6849]","[822, 13, 30549, 68448, 173346, 36218, 40692, 178900, 9209, 3076]"
"[7258, 2569, 3306, 6019]","[822, 13, 30549, 68448, 173346, 36218, 178900, 9209, 3076, 40692]"
"[6734, 3730, 1868, 4970]","[822, 13, 30549, 68448, 173346, 36218, 178900, 9209, 3076, 40692]"
"[4437, 2233, 4943, 7038]","[822, 13, 30549, 68448, 173346, 36218, 40692, 178900, 9209, 3076]"
"[3677, 4064, 3473, 1371]","[822, 13, 30549, 68448, 173346, 36218, 40692, 178900, 9209, 3076]"
"[5813, 3717, 1354, 5879]","[822, 13, 30549, 68448, 173346, 36218, 40692, 178900, 9209, 3076]"
"[2437, 158, 3977, 7966]","[822, 13, 30549, 68448, 173346, 36218, 40692, 178900, 9209, 3076]"
"[6007, 2903, 6413, 1161]","[822, 13, 30549, 68448, 36218, 40692, 178900, 9209, 3076, 173346]"
"[3985, 2579, 7394, 1660]","[822, 13, 30549, 68448, 173346, 36218, 40692, 178900, 9209, 3076]"
"[6734, 1189, 798, 7701]","[822, 13, 30549, 68448, 173346, 36218, 40692, 178900, 9209, 3076]"
"[3455, 6193, 1718, 4966]","[822, 13, 30549, 68448, 173346, 36218, 40692, 178900, 9209, 3076]"
"[6805, 4114, 6631, 1994]","[822, 13, 30549, 68448, 173346, 36218, 40692, 178900, 9209, 3076]"
"[7557, 4803, 6775, 4234]","[822, 13, 30549, 68448, 173346, 36218, 40692, 178900, 9209, 3076]"
"[3063, 1517, 4702, 4433]","[822, 13, 30549, 68448, 173346, 40692, 178900, 9209, 3076, 36218]"
"[4086, 6849, 241, 6265]","[822, 13, 30549, 68448, 173346, 36218, 178900, 9209, 3076, 40692]"
"[4007, 104, 6475, 6055]","[822, 13, 30549, 68448, 173346, 36218, 40692, 178900, 9209, 3076]"
"[3345, 3725, 946, 2469]","[822, 13, 30549, 68448, 173346, 36218, 40692, 178900, 9209, 3076]"
"[1743, 1724, 443, 3863]","[822, 13, 30549, 68448, 173346, 40692, 178900, 9209, 3076, 167791]"
"[3930, 1599, 4262, 3917]","[822, 13, 30549, 68448, 173346, 36218, 40692, 178900, 9209, 3076]"
"[5453, 6578, 7865, 2624]","[822, 13, 30549, 68448, 173346, 36218, 40692, 178900, 9209, 3076]"
"[7419, 2783, 22, 7807]","[822, 13, 30549, 68448, 173346, 36218, 40692, 178900, 9209, 3076]"
"[4498, 3464, 7721, 85]","[822, 13, 30549, 68448, 173346, 36218, 40692, 178900, 9209, 3076]"
"[6333, 4435, 3879, 3063]","[822, 13, 30549, 68448, 173346, 36218, 40692, 178900, 9209, 3076]"
"[262, 6108, 3187, 5754]","[822, 13, 30549, 68448, 173346, 36218, 40692, 178900, 9209, 3076]"
"[221, 1234, 4711, 4067]","[822, 13, 30549, 68448, 173346, 36218, 178900, 9209, 40692, 3076]"
"[6472, 1839, 6554, 124]","[822, 13, 30549, 68448, 36218, 40692, 178900, 9209, 3076, 173346]"
"[7354, 3181, 4491, 3746]","[822, 13, 30549, 68448, 173346, 36218, 40692, 9209, 3076, 178900]"
"[4315, 1776, 6508, 4574]","[822, 13, 30549, 68448, 173346, 36218, 40692, 178900, 9209, 3076]"
"[7228, 6838, 3683, 6323]","[822, 13, 30549, 68448, 36218, 40692, 178900, 9209, 3076, 173346]"
"[880, 7938, 5420, 6734]","[822, 13, 30549, 68448, 173346, 36218, 40692, 178900, 9209, 3076]"
"[4319, 3324, 5943, 422]","[822, 13, 30549, 68448, 173346, 36218, 40692, 178900, 9209, 3076]"
"[3416, 5828, 690, 6321]","[822, 13, 30549, 68448, 173346, 36218, 40692, 178900, 9209, 3076]"
"[7929, 714, 5355, 3725]","[822, 13, 30549, 68448, 173346, 36218, 40692, 178900, 9209, 3076]"
"[2087, 605, 2001, 6375]","[822, 13, 30549, 68448, 173346, 36218, 40692, 178900, 9209, 3076]"
"[1923, 2552, 118, 1576]","[822, 13, 30549, 68448, 173346, 36218, 40692, 178900, 9209, 3076]"
"[1231, 5858, 1315, 3393]","[822, 13, 30549, 68448, 173346, 36218, 40692, 178900, 3076, 9209]"
"[7581, 1456, 7293, 5765]","[822, 13, 30549, 68448, 173346, 36218, 40692, 178900, 9209, 3076]"
"[1974, 3317, 3284, 4350]","[822, 13, 30549, 68448, 173346, 36218, 40692, 178900, 9209, 3076]"
"[5869, 5645, 4960, 5406]","[822, 13, 30549, 68448, 173346, 36218, 40692, 9209, 3076, 178900]"
"[2208, 6914, 3331, 3135]","[822, 13, 30549, 68448, 173346, 36218, 40692, 178900, 9209, 3076]"
"[5877, 3994, 7422, 5440]","[822, 13, 30549, 68448, 173346, 36218, 40692, 178900, 9209, 3076]"
"[2840, 4486, 3267, 6074]","[822, 13, 30549, 68448, 173346, 36218, 40692, 178900, 9209, 3076]"
"[329, 6491, 4683, 1049]","[822, 13, 30549, 68448, 173346, 36218, 40692, 178900, 9209, 3076]"
"[6531, 651, 6310, 7876]","[822, 13, 30549, 68448, 173346, 36218, 40692, 178900, 9209, 3076]"
"[4243, 6508, 3807, 327]","[822, 13, 30549, 68448, 173346, 36218, 40692, 178900, 9209, 3076]"
"[3667, 482, 7701, 5709]","[822, 13, 30549, 68448, 173346, 36218, 40692, 178900, 9209, 3076]"
"[7721, 1151, 7142, 2953]","[822, 13, 30549, 68448, 173346, 36218, 40692, 178900, 9209, 3076]"
"[366, 5079, 2874, 3771]","[822, 13, 30549, 68448, 173346, 36218, 40692, 178900, 9209, 3076]"
"[6464, 6404, 329, 6467]","[822, 13, 30549, 68448, 173346, 36218, 40692, 178900, 9209, 3076]"
"[5100, 2170, 4803, 1703]","[822, 13, 30549, 68448, 173346, 36218, 40692, 178900, 9209, 3076]"
"[4378, 2436, 4858, 4623]","[822, 13, 30549, 68448, 173346, 36218, 40692, 178900, 9209, 3076]"
"[842, 5611, 3991, 6717]","[822, 13, 30549, 68448, 173346, 36218, 40692, 178900, 9209, 3076]"
"[607, 6937, 6464, 4303]","[822, 13, 30549, 68448, 36218, 40692, 178900, 9209, 3076, 173346]"
"[4382, 5428, 143, 7335]","[822, 13, 30549, 68448, 173346, 36218, 40692, 178900, 9209, 3076]"
"[7314, 2254, 869, 5788]","[822, 13, 30549, 68448, 173346, 36218, 40692, 178900, 9209, 3076]"
"[276, 7305, 4129, 1459]","[822, 13, 30549, 68448, 173346, 36218, 40692, 178900, 9209, 3076]"
"[22, 869, 5645, 7307]","[822, 13, 30549, 68448, 173346, 36218, 40692, 178900, 9209, 3076]"
"[1976, 5220, 7343, 1868]","[822, 13, 30549, 68448, 173346, 36218, 40692, 9209, 3076, 178900]"
"[3849, 1967, 7129, 1781]","[822, 13, 30549, 68448, 173346, 36218, 40692, 178900, 9209, 3076]"
"[1344, 3014, 570, 2469]","[822, 13, 30549, 68448, 173346, 36218, 40692, 178900, 9209, 3076]"
"[4509, 22, 6618, 537]","[822, 13, 30549, 68448, 36218, 40692, 178900, 9209, 3076, 173346]"
"[2220, 3013, 524, 6738]","[822, 13, 30549, 68448, 173346, 36218, 40692, 178900, 9209, 3076]"
"[7929, 471, 2198, 3187]","[822, 13, 30549, 68448, 173346, 36218, 40692, 178900, 9209, 3076]"
"[642, 2378, 2484, 2686]","[822, 13, 30549, 68448, 173346, 36218, 40692, 178900, 9209, 3076]"
"[235, 3435, 6036, 690]","[822, 13, 30549, 68448, 173346, 36218, 40692, 178900, 9209, 3076]"
"[1633, 150, 1399, 4913]","[822, 13, 30549, 68448, 173346, 36218, 40692, 178900, 9209, 3076]"
"[5532, 4574, 7125, 1538]","[822, 13, 30549, 68448, 173346, 36218, 40692, 178900, 9209, 3076]"
"[2505, 5091, 3296, 502]","[822, 13, 30549, 68448, 173346, 36218, 40692, 178900, 9209, 3076]"
"[3770, 7244, 7280, 1931]","[822, 13, 30549, 68448, 36218, 40692, 178900, 9209, 173346, 3076]"
"[6221, 6850, 5381, 1699]","[822, 13, 30549, 68448, 173346, 36218, 40692, 178900, 9209, 3076]"
"[7831, 2764, 2272, 4626]","[822, 13, 30549, 68448, 173346, 36218, 40692, 178900, 9209, 3076]"
"[110, 6192, 3055, 5170]","[822, 13, 30549, 68448, 173346, 36218, 40692, 178900, 9209, 3076]"
"[1718, 7497, 1297, 4935]","[822, 13, 30549, 68448, 36218, 40692, 178900, 9209, 173346, 3076]"
"[3298, 443, 4136, 1140]","[822, 13, 30549, 68448, 173346, 40692, 178900, 9209, 3076, 36218]"
"[6762, 4230, 2484, 573]","[822, 13, 30549, 68448, 173346, 36218, 40692, 9209, 3076, 178900]"
"[1759, 796, 4724, 7326]","[822, 13, 30549, 68448, 173346, 36218, 40692, 178900, 9209, 3076]"
"[3682, 253, 7154, 6281]","[822, 13, 30549, 68448, 173346, 40692, 9209, 3076, 178900, 36218]"
"[5236, 3598, 5858, 1823]","[822, 13, 30549, 68448, 36218, 40692, 178900, 9209, 3076, 173346]"
"[1587, 5299, 6375, 1504]","[822, 13, 30549, 68448, 173346, 36218, 40692, 178900, 9209, 3076]"
"[7476, 2020, 1701, 898]","[822, 13, 30549, 68448, 173346, 36218, 40692, 9209, 3076, 178900]"
"[2857, 2025, 687, 2843]","[822, 13, 30549, 68448, 173346, 36218, 40692, 178900, 9209, 3076]"
"[3918, 3446, 1843, 6422]","[822, 13, 30549, 68448, 173346, 36218, 40692, 178900, 9209, 3076]"
"[6483, 620, 4624, 3273]","[822, 13, 30549, 68448, 173346, 36218, 40692, 178900, 9209, 3076]"
"[7095, 6816, 4709, 2861]","[822, 13, 30549, 68448, 173346, 36218, 40692, 178900, 9209, 3076]"
"[7171, 7922, 4709, 6984]","[822, 13, 30549, 68448, 173346, 40692, 178900, 9209, 3076, 36218]"
"[7318, 1954, 2240, 4908]","[822, 13, 30549, 68448, 173346, 36218, 40692, 178900, 9209, 3076]"
"[7437, 1827, 2057, 1781]","[822, 13, 30549, 68448, 173346, 36218, 40692, 178900, 9209, 3076]"
"[3117, 7336, 888, 1083]","[822, 13, 30549, 68448, 173346, 36218, 40692, 178900, 9209, 3076]"
"[5079, 5641, 6963, 7772]","[822, 13, 30549, 68448, 173346, 36218, 40692, 178900, 9209, 3076]"
"[802, 3581, 3226, 970]","[822, 13, 30549, 68448, 173346, 36218, 40692, 178900, 9209, 3076]"
"[5292, 114, 3019, 796]","[822, 13, 30549, 68448, 173346, 36218, 40692, 178900, 9209, 3076]"
"[5815, 4492, 866, 7167]","[822, 13, 30549, 68448, 173346, 36218, 40692, 178900, 9209, 3076]"
"[5637, 213, 5832, 3347]","[822, 13, 30549, 68448, 173346, 36218, 40692, 178900, 9209, 3076]"
"[1215, 895, 2644, 6824]","[822, 13, 30549, 68448, 173346, 36218, 40692, 178900, 9209, 3076]"
"[3370, 502, 7526, 493]","[822, 13, 30549, 68448, 173346, 36218, 40692, 178900, 9209, 3076]"
"[5806, 5921, 2773, 1299]","[822, 13, 30549, 68448, 173346, 36218, 40692, 178900, 9209, 3076]"
"[4640, 1546, 7887, 2570]","[822, 13, 30549, 68448, 173346, 36218, 178900, 9209, 3076, 40692]"
"[7649, 327, 6618, 5885]","[822, 13, 30549, 68448, 173346, 36218, 40692, 178900, 9209, 3076]"
"[7380, 6320, 6044, 6369]","[822, 13, 30549, 68448, 173346, 36218, 40692, 178900, 9209, 3076]"
"[7031, 7490, 4660, 7895]","[822, 13, 30549, 68448, 173346, 36218, 40692, 178900, 9209, 3076]"
"[5765, 1597, 3786, 568]","[822, 13, 30549, 68448, 173346, 36218, 40692, 178900, 9209, 3076]"
"[2267, 376, 7941, 3446]","[822, 13, 30549, 68448, 173346, 36218, 40692, 178900, 9209, 3076]"
"[5998, 98, 7539, 5541]","[822, 13, 30549, 68448, 173346, 36218, 40692, 178900, 9209, 3076]"
"[5740, 1204, 2183, 2997]","[822, 13, 30549, 68448, 173346, 36218, 40692, 178900, 9209, 3076]"
"[2488, 327, 5765, 6217]","[822, 13, 30549, 68448, 173346, 36218, 40692, 178900, 9209, 3076]"
"[2276, 7113, 2990, 2560]","[822, 13, 30549, 68448, 173346, 36218, 40692, 178900, 9209, 3076]"
"[4950, 5260, 4613, 5367]","[822, 13, 30549, 68448, 173346, 36218, 40692, 178900, 9209, 3076]"
"[7783, 605, 100, 5234]","[822, 13, 30549, 68448, 173346, 36218, 40692, 178900, 9209, 3076]"
"[1132, 5998, 7248, 2506]","[822, 13, 30549, 68448, 173346, 36218, 40692, 178900, 9209, 3076]"
"[6479, 2885, 907, 4347]","[822, 13, 30549, 68448, 173346, 36218, 40692, 178900, 9209, 3076]"
"[3728, 4114, 872, 6336]","[822, 13, 30549, 68448, 173346, 36218, 40692, 178900, 9209, 3076]"
"[3706, 259, 1824, 7149]","[822, 13, 30549, 68448, 173346, 36218, 40692, 178900, 9209, 3076]"
"[628, 7690, 2361, 7445]","[822, 13, 30549, 68448, 173346, 36218, 40692, 178900, 9209, 3076]"
"[2945, 1626, 7245, 7922]","[822, 13, 30549, 68448, 173346, 36218, 40692, 178900, 9209, 3076]"
"[1244, 6385, 4150, 338]","[822, 13, 30549, 68448, 173346, 36218, 40692, 178900, 9209, 3076]"
"[1284, 1399, 1971, 4697]","[822, 13, 30549, 68448, 173346, 36218, 40692, 178900, 9209, 3076]"
"[899, 5080, 2839, 3184]","[822, 13, 30549, 68448, 173346, 36218, 40692, 178900, 9209, 3076]"
"[687, 2951, 4343, 5257]","[822, 13, 30549, 68448, 173346, 36218, 40692, 9209, 178900, 3076]"
"[5809, 3160, 7129, 3994]","[822, 13, 30549, 68448, 173346, 36218, 40692, 178900, 9209, 3076]"
"[1597, 6316, 4726, 2236]","[822, 13, 30549, 68448, 173346, 36218, 40692, 9209, 3076, 178900]"
"[3001, 1971, 1446, 124]","[822, 13, 30549, 68448, 173346, 36218, 40692, 178900, 9209, 3076]"
"[976, 1265, 2052, 2060]","[822, 13, 30549, 68448, 173346, 36218, 40692, 178900, 9209, 3076]"
"[6615, 519, 5993, 5359]","[822, 13, 30549, 68448, 173346, 36218, 40692, 178900, 9209, 3076]"
"[2735, 1414, 645, 1140]","[822, 13, 30549, 68448, 173346, 36218, 40692, 9209, 178900, 3076]"
"[3784, 5740, 4248, 7796]","[822, 13, 30549, 68448, 173346, 36218, 40692, 178900, 9209, 3076]"
"[7818, 3135, 1631, 5196]","[822, 13, 30549, 68448, 173346, 36218, 40692, 178900, 9209, 3076]"
"[5236, 322, 5406, 5911]","[822, 13, 30549, 68448, 173346, 36218, 40692, 9209, 3076, 178900]"
"[7171, 149, 4486, 3917]","[822, 13, 30549, 68448, 173346, 36218, 40692, 178900, 9209, 3076]"
"[5133, 6479, 6576, 336]","[822, 13, 30549, 68448, 173346, 36218, 40692, 178900, 9209, 3076]"
"[1576, 2401, 972, 6809]","[822, 13, 30549, 68448, 173346, 36218, 40692, 178900, 9209, 3076]"
"[2288, 3557, 1677, 4264]","[822, 13, 30549, 68448, 173346, 36218, 40692, 178900, 9209, 3076]"
"[1280, 3499, 4821, 1291]","[822, 13, 30549, 68448, 173346, 36218, 40692, 178900, 9209, 3076]"
"[5465, 274, 2945, 6573]","[822, 13, 30549, 68448, 173346, 36218, 40692, 9209, 3076, 178900]"
"[2511, 6609, 2931, 4752]","[822, 13, 30549, 68448, 173346, 36218, 40692, 178900, 9209, 3076]"
"[6080, 6325, 5921, 1226]","[822, 13, 30549, 68448, 173346, 36218, 40692, 178900, 9209, 3076]"
"[2058, 889, 2739, 135]","[822, 13, 30549, 68448, 36218, 40692, 178900, 9209, 3076, 173346]"
"[1597, 292, 4072, 2922]","[822, 13, 30549, 68448, 173346, 36218, 40692, 178900, 9209, 3076]"
"[5411, 1676, 5453, 1050]","[822, 13, 30549, 68448, 173346, 36218, 40692, 178900, 9209, 3076]"
"[5594, 4565, 3138, 5120]","[822, 13, 30549, 68448, 173346, 36218, 40692, 178900, 9209, 3076]"
"[806, 150, 1523, 5306]","[822, 13, 30549, 68448, 173346, 36218, 40692, 178900, 9209, 3076]"
"[7860, 5431, 1064, 4190]","[822, 30549, 68448, 173346, 40692, 9209, 3076, 13, 36218, 178900]"
"[3046, 6007, 5911, 2361]","[822, 13, 30549, 68448, 36218, 40692, 178900, 9209, 3076, 173346]"
"[2991, 5790, 7420, 4173]","[822, 13, 30549, 68448, 173346, 36218, 9209, 3076, 40692, 178900]"
"[766, 1970, 444, 4681]","[822, 13, 30549, 68448, 173346, 36218, 40692, 178900, 9209, 3076]"
"[1923, 2903, 2825, 2730]","[822, 13, 30549, 68448, 173346, 36218, 40692, 178900, 9209, 3076]"
"[7347, 7628, 5949, 323]","[822, 13, 30549, 68448, 173346, 36218, 40692, 178900, 9209, 3076]"
"[292, 4499, 99, 1504]","[822, 13, 30549, 68448, 173346, 36218, 40692, 178900, 9209, 3076]"
"[1150, 4435, 5919, 5205]","[822, 13, 30549, 68448, 173346, 36218, 40692, 178900, 9209, 3076]"
"[5091, 3655, 4491, 7227]","[822, 13, 30549, 68448, 173346, 36218, 40692, 9209, 3076, 178900]"
"[676, 3455, 2316, 441]","[822, 13, 30549, 68448, 173346, 36218, 40692, 178900, 9209, 3076]"
"[1284, 6114, 1064, 4004]","[822, 13, 30549, 68448, 173346, 36218, 40692, 178900, 9209, 3076]"
"[3630, 3214, 4267, 2182]","[822, 13, 30549, 68448, 173346, 36218, 178900, 9209, 3076, 40692]"
"[7299, 2739, 3205, 2741]","[822, 13, 30549, 68448, 36218, 40692, 9209, 3076, 173346, 178900]"
"[6821, 2287, 2764, 7996]","[822, 13, 30549, 68448, 173346, 36218, 40692, 178900, 9209, 3076]"
"[7610, 5758, 165, 5010]","[822, 13, 30549, 68448, 173346, 36218, 40692, 178900, 9209, 3076]"
"[4523, 4607, 4445, 7113]","[822, 13, 30549, 68448, 173346, 36218, 40692, 178900, 9209, 3076]"
"[6472, 7022, 6434, 5463]","[822, 13, 30549, 68448, 36218, 40692, 178900, 9209, 3076, 173346]"
"[1311, 22, 4983, 329]","[822, 13, 30549, 68448, 173346, 36218, 40692, 178900, 9209, 3076]"
"[3295, 962, 24, 7638]","[822, 13, 30549, 68448, 173346, 36218, 40692, 178900, 9209, 3076]"
"[2073, 7625, 6785, 1151]","[822, 13, 30549, 68448, 36218, 40692, 178900, 9209, 3076, 173346]"
"[6515, 6232, 1165, 3770]","[822, 13, 30549, 68448, 173346, 36218, 40692, 178900, 9209, 3076]"
"[1032, 3029, 165, 3977]","[822, 13, 30549, 68448, 173346, 36218, 40692, 178900, 9209, 3076]"
"[1633, 7671, 4007, 7253]","[822, 13, 30549, 68448, 173346, 36218, 40692, 178900, 9209, 3076]"
"[5648, 1703, 4850, 813]","[822, 13, 30549, 68448, 173346, 36218, 40692, 9209, 3076, 178900]"
"[1570, 3759, 7955, 6982]","[822, 13, 30549, 68448, 173346, 36218, 40692, 178900, 9209, 3076]"
"[4008, 6019, 2569, 4628]","[822, 13, 30549, 68448, 173346, 36218, 40692, 178900, 9209, 3076]"
"[7792, 4546, 1824, 2676]","[822, 13, 30549, 68448, 36218, 40692, 178900, 9209, 3076, 173346]"
"[441, 6492, 4743, 3427]","[822, 13, 30549, 68448, 173346, 36218, 40692, 178900, 9209, 3076]"
"[7063, 2700, 2735, 3696]","[822, 13, 30549, 68448, 173346, 36218, 40692, 178900, 9209, 3076]"
"[862, 3607, 4058, 1484]","[822, 13, 30549, 68448, 173346, 36218, 40692, 178900, 9209, 3076]"
"[1508, 1132, 451, 6881]","[822, 13, 30549, 68448, 173346, 36218, 40692, 178900, 9209, 3076]"
"[6232, 3306, 5661, 4691]","[822, 13, 30549, 68448, 173346, 36218, 40692, 178900, 9209, 3076]"
"[913, 4373, 4152, 793]","[822, 13, 30549, 68448, 173346, 36218, 40692, 178900, 9209, 3076]"
"[7387, 3911, 4491, 2993]","[822, 13, 30549, 68448, 173346, 36218, 40692, 9209, 3076, 178900]"
"[5782, 7380, 7884, 2342]","[822, 13, 30549, 68448, 173346, 36218, 40692, 178900, 9209, 3076]"
"[7908, 3237, 6052, 4072]","[822, 13, 30549, 68448, 173346, 40692, 178900, 9209, 3076, 36218]"
"[6591, 3081, 929, 6624]","[822, 13, 30549, 68448, 173346, 36218, 40692, 178900, 9209, 3076]"
"[7010, 5378, 171, 2068]","[822, 13, 30549, 68448, 173346, 36218, 40692, 178900, 9209, 3076]"
"[302, 2442, 6914, 1929]","[822, 13, 30549, 68448, 173346, 36218, 40692, 178900, 3076, 9209]"
"[5924, 389, 4430, 6036]","[822, 13, 30549, 68448, 173346, 36218, 40692, 178900, 9209, 3076]"
"[2843, 701, 3370, 2891]","[822, 13, 30549, 68448, 173346, 36218, 40692, 178900, 9209, 3076]"
"[1189, 5708, 6495, 2272]","[822, 13, 30549, 68448, 173346, 36218, 40692, 178900, 9209, 3076]"
"[2508, 6114, 5080, 7937]","[822, 13, 30549, 68448, 173346, 36218, 40692, 178900, 9209, 3076]"
"[2775, 2195, 1291, 4741]","[822, 13, 30549, 68448, 173346, 36218, 40692, 178900, 9209, 3076]"
"[6080, 6292, 4955, 4565]","[822, 13, 30549, 68448, 173346, 36218, 40692, 178900, 9209, 3076]"
"[1692, 898, 7039, 4103]","[822, 13, 30549, 68448, 173346, 36218, 40692, 9209, 3076, 178900]"
"[6374, 3867, 4427, 5359]","[822, 13, 30549, 68448, 173346, 36218, 40692, 9209, 3076, 178900]"
"[5020, 2000, 7876, 1361]","[822, 13, 30549, 68448, 36218, 40692, 9209, 173346, 178900, 3076]"
"[5896, 7807, 7655, 4283]","[822, 13, 30549, 68448, 173346, 36218, 40692, 178900, 9209, 3076]"
"[7557, 4056, 1769, 5182]","[822, 13, 30549, 68448, 173346, 36218, 40692, 178900, 9209, 3076]"
"[6984, 4910, 7490, 2996]","[822, 13, 30549, 68448, 173346, 40692, 178900, 9209, 3076, 167791]"
"[6491, 6839, 202, 4634]","[822, 13, 30549, 68448, 173346, 36218, 40692, 178900, 9209, 3076]"
"[5637, 7984, 5646, 166]","[822, 13, 30549, 68448, 173346, 36218, 40692, 178900, 9209, 3076]"
"[451, 2326, 7700, 4503]","[822, 13, 30549, 68448, 173346, 36218, 40692, 178900, 9209, 3076]"
"[2843, 2020, 4262, 1930]","[822, 13, 30549, 68448, 173346, 36218, 40692, 178900, 9209, 3076]"
"[3199, 3119, 2213, 4010]","[822, 13, 30549, 68448, 173346, 36218, 40692, 178900, 9209, 3076]"
"[1561, 471, 7554, 1854]","[822, 13, 30549, 68448, 173346, 36218, 40692, 178900, 9209, 3076]"
"[4557, 6357, 7543, 4430]","[822, 13, 30549, 68448, 173346, 36218, 40692, 178900, 9209, 3076]"
"[1571, 3994, 6055, 5384]","[822, 13, 30549, 68448, 173346, 40692, 178900, 9209, 3076, 36218]"
"[2836, 118, 3199, 1205]","[822, 13, 30549, 68448, 173346, 36218, 40692, 178900, 9209, 3076]"
"[2953, 5758, 2279, 3590]","[822, 13, 30549, 68448, 173346, 36218, 40692, 178900, 9209, 3076]"
"[1571, 7999, 5420, 7649]","[822, 13, 30549, 68448, 173346, 36218, 40692, 178900, 9209, 3076]"
"[7796, 4427, 2174, 3939]","[822, 13, 30549, 68448, 173346, 36218, 40692, 178900, 9209, 3076]"
"[4935, 5564, 3655, 2286]","[822, 13, 30549, 68448, 173346, 36218, 40692, 178900, 9209, 3076]"
"[5629, 5252, 6692, 709]","[822, 13, 30549, 68448, 173346, 36218, 40692, 178900, 9209, 3076]"
"[5033, 5524, 7658, 5144]","[822, 13, 30549, 68448, 173346, 36218, 40692, 178900, 9209, 3076]"
"[1393, 4026, 6661, 7095]","[822, 13, 30549, 68448, 173346, 36218, 40692, 178900, 9209, 3076]"
"[7752, 8, 1581, 817]","[822, 13, 30549, 68448, 173346, 36218, 40692, 178900, 9209, 3076]"
"[5791, 1053, 3565, 4568]","[822, 13, 30549, 68448, 173346, 36218, 40692, 178900, 9209, 3076]"
"[7526, 6719, 7307, 3803]","[822, 13, 30549, 68448, 173346, 36218, 40692, 178900, 9209, 3076]"
"[3446, 4299, 6889, 4566]","[822, 13, 30549, 68448, 173346, 36218, 40692, 178900, 9209, 3076]"
"[4123, 4483, 2057, 936]","[822, 13, 30549, 68448, 173346, 36218, 40692, 178900, 9209, 3076]"
"[743, 7514, 2341, 6618]","[822, 13, 30549, 68448, 173346, 36218, 40692, 178900, 9209, 3076]"
"[5454, 636, 2107, 336]","[822, 13, 30549, 68448, 173346, 36218, 40692, 178900, 9209, 3076]"
"[5609, 5170, 6717, 7696]","[822, 13, 30549, 68448, 173346, 36218, 40692, 178900, 9209, 3076]"
"[5492, 1311, 6553, 4585]","[822, 30549, 68448, 173346, 36218, 40692, 178900, 9209, 3076, 13]"
"[322, 4083, 2522, 7358]","[822, 13, 30549, 68448, 173346, 36218, 40692, 178900, 9209, 3076]"
"[1096, 4357, 5878, 6301]","[822, 13, 30549, 68448, 173346, 36218, 40692, 178900, 9209, 3076]"
"[5741, 5182, 1494, 1572]","[822, 13, 30549, 68448, 173346, 36218, 40692, 178900, 9209, 3076]"
"[7095, 6750, 6881, 685]","[822, 13, 30549, 68448, 173346, 36218, 40692, 178900, 9209, 3076]"
"[7839, 5533, 4706, 7196]","[822, 13, 30549, 68448, 173346, 36218, 40692, 178900, 9209, 3076]"
"[1949, 7457, 6531, 182]","[822, 13, 30549, 68448, 173346, 36218, 40692, 178900, 9209, 3076]"
"[693, 1839, 451, 7063]","[822, 13, 30549, 68448, 173346, 36218, 40692, 178900, 9209, 3076]"
"[3464, 22, 3256, 545]","[822, 13, 30549, 68448, 173346, 36218, 40692, 178900, 9209, 3076]"
"[4943, 7380, 2595, 2142]","[822, 13, 30549, 68448, 173346, 36218, 40692, 178900, 9209, 3076]"
"[1450, 85, 3429, 235]","[822, 13, 30549, 68448, 173346, 36218, 40692, 178900, 9209, 3076]"
"[2474, 1642, 6550, 4797]","[822, 13, 30549, 68448, 173346, 36218, 40692, 178900, 9209, 3076]"
"[4923, 2811, 7171, 248]","[822, 13, 30549, 68448, 173346, 36218, 40692, 178900, 9209, 3076]"
"[7245, 4955, 5030, 125]","[822, 13, 30549, 68448, 173346, 36218, 40692, 178900, 9209, 3076]"
"[3885, 7010, 1570, 4640]","[822, 13, 30549, 68448, 173346, 36218, 40692, 178900, 9209, 3076]"
"[3401, 4004, 1971, 7488]","[822, 13, 30549, 68448, 173346, 36218, 40692, 178900, 9209, 3076]"
"[1597, 993, 1860, 2342]","[822, 13, 30549, 68448, 173346, 36218, 40692, 178900, 9209, 3076]"
"[5784, 5344, 2553, 5012]","[822, 13, 30549, 68448, 173346, 36218, 40692, 178900, 9209, 3076]"
"[7313, 1877, 5551, 4585]","[822, 13, 30549, 68448, 173346, 36218, 40692, 178900, 9209, 3076]"
"[6508, 7625, 3007, 5967]","[822, 13, 30549, 68448, 36218, 40692, 178900, 9209, 3076, 173346]"
"[2944, 4509, 2912, 3413]","[822, 13, 30549, 68448, 173346, 36218, 40692, 178900, 9209, 3076]"
"[3117, 7795, 6601, 2215]","[822, 13, 30549, 68448, 173346, 36218, 40692, 178900, 9209, 3076]"
"[7727, 4509, 4303, 7759]","[822, 13, 30549, 68448, 36218, 40692, 178900, 9209, 3076, 173346]"
"[7868, 4955, 376, 5743]","[822, 13, 30549, 68448, 173346, 36218, 40692, 178900, 9209, 3076]"
"[18, 7232, 2985, 897]","[822, 13, 30549, 68448, 173346, 36218, 40692, 178900, 9209, 3076]"
"[7362, 3598, 7352, 6227]","[822, 13, 30549, 68448, 173346, 36218, 40692, 178900, 9209, 3076]"
"[4486, 7950, 5454, 1916]","[822, 13, 30549, 68448, 173346, 36218, 40692, 178900, 9209, 3076]"
"[2124, 6749, 1298, 7746]","[822, 13, 30549, 68448, 173346, 36218, 40692, 178900, 9209, 3076]"
"[3435, 2886, 1703, 3000]","[822, 13, 30549, 68448, 173346, 36218, 40692, 178900, 9209, 3076]"
"[899, 6174, 5070, 687]","[822, 13, 30549, 68448, 173346, 36218, 40692, 178900, 9209, 3076]"
"[7381, 1063, 2743, 2967]","[822, 13, 30549, 68448, 173346, 36218, 40692, 178900, 9209, 3076]"
"[4926, 4659, 3883, 1836]","[822, 13, 30549, 68448, 173346, 36218, 40692, 178900, 9209, 3076]"
"[2801, 2553, 5986, 2259]","[822, 13, 30549, 68448, 173346, 36218, 40692, 178900, 9209, 3076]"
"[3985, 5635, 468, 7610]","[822, 13, 30549, 68448, 173346, 36218, 40692, 178900, 9209, 3076]"
"[5758, 5635, 4988, 3440]","[822, 13, 30549, 68448, 173346, 36218, 40692, 178900, 9209, 3076]"
"[4596, 6714, 7436, 643]","[822, 13, 30549, 68448, 173346, 36218, 40692, 178900, 9209, 3076]"
"[2931, 5806, 3784, 4315]","[822, 13, 30549, 68448, 173346, 36218, 40692, 178900, 9209, 3076]"
"[2761, 495, 6036, 4902]","[822, 13, 30549, 68448, 173346, 36218, 40692, 178900, 9209, 3076]"
"[3834, 3877, 7573, 17]","[822, 13, 30549, 68448, 173346, 36218, 40692, 178900, 9209, 3076]"
"[6105, 1067, 1849, 2609]","[822, 13, 30549, 68448, 173346, 36218, 40692, 178900, 9209, 3076]"
"[1122, 4489, 1834, 5690]","[822, 13, 30549, 68448, 173346, 36218, 40692, 178900, 9209, 3076]"
"[1676, 6449, 4585, 7665]","[822, 13, 30549, 68448, 173346, 36218, 40692, 178900, 9209, 3076]"
"[5038, 1974, 2109, 5323]","[822, 13, 30549, 68448, 173346, 36218, 40692, 9209, 3076, 178900]"
"[6554, 7036, 2382, 482]","[822, 13, 30549, 68448, 173346, 36218, 40692, 178900, 9209, 3076]"
"[7987, 7224, 3728, 624]","[822, 13, 30549, 68448, 173346, 36218, 40692, 178900, 9209, 3076]"
"[2073, 3738, 2413, 4503]","[822, 13, 30549, 68448, 173346, 36218, 40692, 178900, 9209, 3076]"
"[6752, 4154, 1020, 3774]","[822, 13, 30549, 68448, 173346, 36218, 40692, 178900, 9209, 3076]"
"[5218, 4810, 6785, 4876]","[822, 13, 30549, 68448, 173346, 36218, 40692, 178900, 9209, 3076]"
"[1985, 6813, 2836, 4430]","[822, 13, 30549, 68448, 173346, 36218, 40692, 178900, 9209, 3076]"
"[3267, 5919, 6917, 5877]","[822, 13, 30549, 68448, 173346, 36218, 40692, 178900, 9209, 3076]"
"[3244, 1776, 6126, 4709]","[822, 13, 30549, 68448, 173346, 36218, 40692, 178900, 9209, 3076]"
"[1644, 7723, 4509, 3802]","[822, 13, 30549, 68448, 173346, 36218, 40692, 178900, 9209, 3076]"
"[3248, 7156, 1393, 4444]","[822, 13, 30549, 68448, 173346, 36218, 40692, 178900, 9209, 3076]"
"[2095, 4357, 1731, 3080]","[822, 13, 68448, 173346, 36218, 40692, 178900, 9209, 3076, 30549]"
"[7431, 5624, 5986, 6917]","[822, 13, 30549, 68448, 173346, 36218, 40692, 178900, 9209, 3076]"
"[4168, 1161, 3034, 6246]","[822, 13, 30549, 68448, 173346, 36218, 40692, 9209, 3076, 178900]"
"[2659, 4709, 3786, 5819]","[822, 13, 30549, 68448, 173346, 36218, 40692, 178900, 9209, 3076]"
"[167, 959, 2000, 3324]","[822, 13, 30549, 68448, 173346, 36218, 40692, 178900, 9209, 3076]"
"[6317, 4168, 3406, 407]","[822, 13, 30549, 68448, 173346, 36218, 40692, 9209, 3076, 178900]"
"[3273, 2571, 5252, 2208]","[822, 13, 30549, 68448, 173346, 36218, 40692, 178900, 9209, 3076]"
"[1215, 979, 4220, 7690]","[822, 13, 30549, 68448, 173346, 36218, 40692, 178900, 9209, 3076]"
"[7225, 535, 7522, 5253]","[822, 13, 30549, 68448, 173346, 36218, 40692, 178900, 9209, 3076]"
"[7488, 2004, 1201, 2043]","[822, 13, 30549, 68448, 173346, 36218, 40692, 178900, 9209, 3076]"
"[7228, 7237, 1454, 2401]","[822, 13, 30549, 68448, 173346, 36218, 40692, 178900, 9209, 3076]"
"[4157, 2262, 1427, 2276]","[822, 13, 30549, 68448, 173346, 36218, 40692, 178900, 9209, 3076]"
"[5081, 3532, 3713, 5378]","[822, 13, 30549, 68448, 173346, 36218, 40692, 178900, 9209, 3076]"
"[1753, 7711, 7020, 79]","[822, 13, 30549, 68448, 173346, 36218, 40692, 178900, 9209, 3076]"
"[6530, 5218, 4351, 1231]","[822, 13, 30549, 68448, 173346, 36218, 40692, 178900, 9209, 3076]"
"[6597, 3862, 3223, 404]","[822, 13, 30549, 68448, 173346, 36218, 40692, 178900, 9209, 3076]"
"[709, 6839, 1919, 7895]","[822, 13, 30549, 68448, 173346, 36218, 40692, 178900, 9209, 3076]"
"[697, 1599, 2993, 6840]","[822, 13, 30549, 68448, 173346, 36218, 40692, 178900, 9209, 3076]"
"[5714, 2175, 7386, 6413]","[822, 13, 30549, 68448, 173346, 36218, 40692, 178900, 9209, 3076]"
"[332, 644, 586, 6845]","[822, 13, 30549, 68448, 173346, 36218, 40692, 178900, 9209, 3076]"
"[2484, 7649, 6144, 2615]","[822, 13, 30549, 68448, 173346, 36218, 40692, 178900, 9209, 3076]"
"[3427, 7272, 79, 7133]","[822, 13, 30549, 68448, 173346, 36218, 40692, 178900, 9209, 3076]"
"[3893, 2439, 6971, 7016]","[822, 13, 30549, 68448, 173346, 36218, 40692, 178900, 9209, 3076]"
"[227, 3713, 6597, 7240]","[822, 13, 30549, 68448, 173346, 36218, 40692, 178900, 9209, 3076]"
"[6124, 295, 7010, 1316]","[822, 13, 30549, 68448, 173346, 36218, 40692, 178900, 9209, 3076]"
"[3417, 7422, 7313, 1731]","[822, 13, 68448, 173346, 36218, 40692, 178900, 9209, 30549, 3076]"
"[6124, 2969, 1189, 4787]","[822, 13, 30549, 68448, 173346, 36218, 40692, 178900, 9209, 3076]"
"[6821, 1971, 5768, 2716]","[822, 13, 30549, 68448, 173346, 36218, 40692, 178900, 9209, 3076]"
"[2990, 5613, 608, 2511]","[822, 13, 30549, 68448, 173346, 36218, 40692, 178900, 9209, 3076]"
"[5693, 6554, 5619, 1865]","[822, 13, 30549, 68448, 173346, 36218, 40692, 178900, 9209, 3076]"
"[4008, 159, 7887, 1970]","[822, 13, 30549, 68448, 173346, 36218, 40692, 178900, 9209, 3076]"
"[7560, 6928, 7176, 4285]","[822, 13, 30549, 68448, 173346, 36218, 40692, 178900, 9209, 3076]"
"[4115, 2050, 822, 1739]","[822, 13, 30549, 68448, 173346, 36218, 40692, 178900, 9209, 3076]"
"[7649, 4248, 2339, 3703]","[822, 13, 30549, 68448, 173346, 36218, 40692, 178900, 9209, 3076]"
"[12, 2741, 2474, 1602]","[822, 13, 30549, 68448, 173346, 36218, 40692, 9209, 3076, 178900]"
"[441, 3507, 7328, 187]","[822, 13, 30549, 68448, 173346, 36218, 40692, 9209, 3076, 178900]"
"[7649, 4445, 475, 7335]","[822, 13, 30549, 68448, 173346, 36218, 40692, 178900, 9209, 3076]"
"[484, 3423, 936, 6678]","[822, 13, 30549, 68448, 173346, 36218, 40692, 178900, 9209, 3076]"
"[1138, 6905, 7080, 3459]","[822, 13, 30549, 68448, 173346, 36218, 40692, 178900, 9209, 3076]"
"[4235, 3921, 2870, 6512]","[822, 13, 30549, 68448, 173346, 36218, 40692, 178900, 9209, 3076]"
"[7242, 3478, 326, 4299]","[822, 13, 30549, 68448, 173346, 36218, 40692, 178900, 9209, 3076]"
"[4065, 608, 5061, 4693]","[822, 13, 30549, 68448, 173346, 40692, 178900, 9209, 3076, 36218]"
"[302, 312, 3581, 653]","[822, 13, 30549, 68448, 173346, 36218, 40692, 178900, 9209, 3076]"
"[7305, 5996, 2073, 312]","[822, 13, 30549, 68448, 173346, 36218, 40692, 178900, 9209, 3076]"
"[6889, 4115, 5702, 3807]","[822, 13, 30549, 68448, 173346, 36218, 40692, 178900, 9209, 3076]"
"[891, 1573, 2497, 1653]","[822, 13, 30549, 68448, 173346, 36218, 40692, 178900, 9209, 3076]"
"[1132, 5745, 5477, 1043]","[822, 13, 30549, 68448, 173346, 36218, 40692, 178900, 9209, 3076]"
"[5819, 4657, 4947, 946]","[822, 13, 30549, 68448, 173346, 36218, 40692, 178900, 9209, 3076]"
"[2238, 7191, 2497, 7936]","[822, 13, 30549, 68448, 173346, 36218, 40692, 178900, 9209, 3076]"
"[174, 301, 5323, 4499]","[822, 13, 30549, 68448, 173346, 36218, 40692, 178900, 9209, 3076]"
"[5088, 7433, 3770, 2997]","[822, 13, 30549, 68448, 173346, 36218, 40692, 178900, 9209, 3076]"
"[6366, 7049, 6233, 4602]","[822, 13, 30549, 68448, 173346, 36218, 40692, 178900, 9209, 3076]"
"[7657, 6404, 7020, 5381]","[822, 13, 30549, 68448, 173346, 36218, 40692, 178900, 9209, 3076]"
"[186, 5260, 5903, 1853]","[822, 13, 30549, 68448, 173346, 36218, 40692, 178900, 9209, 3076]"
"[676, 6889, 6438, 1750]","[822, 13, 30549, 68448, 173346, 36218, 40692, 178900, 9209, 3076]"
"[5885, 6512, 3306, 3230]","[822, 13, 30549, 68448, 173346, 36218, 40692, 178900, 9209, 3076]"
"[6019, 644, 143, 7816]","[822, 13, 30549, 68448, 173346, 36218, 40692, 178900, 9209, 3076]"
"[5660, 5441, 2904, 3615]","[822, 13, 30549, 68448, 173346, 36218, 40692, 178900, 9209, 3076]"
"[7188, 5627, 6757, 3249]","[822, 13, 30549, 68448, 173346, 36218, 40692, 178900, 9209, 3076]"
"[1501, 2991, 3985, 7999]","[822, 13, 30549, 68448, 173346, 36218, 40692, 9209, 3076, 178900]"
"[7174, 3607, 1958, 3727]","[822, 13, 30549, 68448, 173346, 36218, 40692, 3076, 9209, 178900]"
"[4775, 396, 2940, 6793]","[822, 13, 30549, 68448, 173346, 36218, 40692, 178900, 9209, 3076]"
"[3660, 6369, 1043, 7386]","[822, 13, 30549, 68448, 173346, 36218, 40692, 178900, 9209, 3076]"
"[5644, 1041, 2107, 5300]","[822, 13, 30549, 68448, 173346, 36218, 40692, 178900, 9209, 3076]"
"[6164, 396, 5825, 6530]","[822, 13, 30549, 68448, 173346, 36218, 40692, 178900, 9209, 3076]"
"[4366, 274, 3064, 2822]","[822, 13, 30549, 68448, 173346, 36218, 40692, 9209, 3076, 178900]"
"[4913, 573, 3107, 959]","[822, 13, 30549, 68448, 173346, 36218, 40692, 178900, 9209, 3076]"
"[3877, 4243, 7306, 3775]","[822, 13, 30549, 68448, 173346, 36218, 40692, 178900, 9209, 3076]"
"[5535, 2418, 7798, 6872]","[822, 13, 30549, 68448, 173346, 36218, 40692, 178900, 9209, 3076]"
"[754, 425, 5041, 4495]","[822, 13, 30549, 68448, 173346, 36218, 40692, 178900, 9209, 3076]"
"[7783, 1923, 3667, 1198]","[822, 13, 30549, 68448, 173346, 36218, 40692, 178900, 9209, 3076]"
"[4027, 5433, 2415, 6387]","[822, 13, 30549, 68448, 173346, 36218, 40692, 178900, 9209, 3076]"
"[3862, 1916, 86, 5367]","[822, 13, 30549, 68448, 173346, 36218, 40692, 178900, 9209, 3076]"
"[3284, 6299, 4525, 4578]","[822, 13, 30549, 68448, 173346, 36218, 40692, 178900, 9209, 3076]"
"[4347, 7380, 3557, 83]","[822, 13, 30549, 68448, 173346, 36218, 40692, 178900, 9209, 3076]"
"[7628, 1291, 929, 6981]","[822, 13, 30549, 68448, 173346, 36218, 40692, 178900, 9209, 3076]"
"[1032, 1850, 5984, 3771]","[822, 13, 30549, 68448, 173346, 36218, 40692, 178900, 9209, 3076]"
"[6897, 7877, 6495, 2408]","[822, 13, 30549, 68448, 173346, 36218, 40692, 178900, 9209, 3076]"
"[746, 6624, 4296, 5907]","[822, 13, 30549, 68448, 36218, 40692, 178900, 9209, 3076, 173346]"
"[1249, 6910, 138, 5864]","[822, 13, 30549, 68448, 36218, 40692, 178900, 9209, 3076, 173346]"
"[7966, 1612, 7497, 6825]","[822, 13, 68448, 173346, 36218, 40692, 178900, 9209, 3076, 30549]"
"[3026, 5740, 1818, 2366]","[822, 13, 30549, 68448, 173346, 36218, 40692, 178900, 9209, 3076]"
"[3664, 2274, 796, 3862]","[822, 13, 30549, 68448, 173346, 36218, 40692, 178900, 9209, 3076]"
"[522, 3655, 1427, 2478]","[822, 13, 30549, 68448, 173346, 36218, 40692, 178900, 9209, 3076]"
"[6192, 494, 1419, 4913]","[822, 13, 30549, 68448, 173346, 36218, 40692, 178900, 9209, 3076]"
"[433, 6932, 6963, 6184]","[822, 13, 30549, 68448, 173346, 36218, 40692, 178900, 9209, 3076]"
"[3686, 7876, 3725, 4743]","[822, 13, 30549, 68448, 173346, 36218, 40692, 178900, 9209, 3076]"
"[4940, 6705, 2762, 1970]","[822, 13, 30549, 68448, 173346, 36218, 40692, 178900, 9209, 3076]"
"[4116, 7938, 5787, 2270]","[822, 13, 30549, 68448, 173346, 36218, 40692, 178900, 9209, 3076]"
"[5891, 5590, 3347, 1416]","[822, 13, 30549, 68448, 173346, 36218, 40692, 178900, 9209, 3076]"
"[5596, 7526, 1305, 5819]","[822, 13, 30549, 68448, 173346, 36218, 40692, 178900, 9209, 3076]"
"[3019, 2017, 7039, 6592]","[822, 13, 30549, 68448, 173346, 36218, 40692, 178900, 9209, 3076]"
"[5794, 6775, 4248, 4495]","[822, 13, 30549, 68448, 173346, 36218, 40692, 178900, 9209, 3076]"
"[4498, 4620, 3577, 2659]","[822, 13, 30549, 68448, 173346, 36218, 40692, 178900, 9209, 3076]"
"[5661, 6140, 4094, 4824]","[822, 13, 30549, 68448, 173346, 36218, 40692, 178900, 9209, 3076]"
"[4381, 1175, 695, 898]","[822, 13, 30549, 68448, 173346, 36218, 40692, 9209, 3076, 178900]"
"[5375, 7696, 5918, 4711]","[822, 13, 30549, 68448, 173346, 36218, 40692, 178900, 9209, 3076]"
"[7080, 646, 258, 1572]","[822, 13, 30549, 68448, 173346, 36218, 40692, 178900, 9209, 3076]"
"[2946, 7335, 7655, 4706]","[822, 13, 30549, 68448, 36218, 40692, 178900, 9209, 3076, 173346]"
"[6531, 3600, 3459, 4337]","[822, 13, 30549, 68448, 173346, 36218, 40692, 178900, 9209, 3076]"
"[5179, 4111, 3068, 4950]","[822, 13, 30549, 68448, 173346, 36218, 40692, 178900, 9209, 3076]"
"[7538, 67, 7907, 2111]","[822, 13, 30549, 68448, 173346, 40692, 178900, 9209, 3076, 36218]"
"[793, 6475, 1749, 2262]","[822, 13, 30549, 68448, 173346, 36218, 40692, 178900, 9209, 3076]"
"[2990, 3630, 574, 4909]","[822, 13, 30549, 68448, 173346, 36218, 40692, 178900, 9209, 3076]"
"[7950, 2617, 6271, 4803]","[822, 13, 30549, 68448, 173346, 36218, 40692, 178900, 9209, 3076]"
"[2342, 7759, 7661, 714]","[822, 13, 30549, 68448, 173346, 36218, 40692, 178900, 9209, 3076]"
"[2322, 1315, 653, 6370]","[822, 13, 30549, 68448, 173346, 36218, 40692, 178900, 3076, 9209]"
"[3746, 976, 6905, 5950]","[822, 13, 30549, 68448, 173346, 36218, 40692, 178900, 9209, 3076]"
"[6657, 5328, 1750, 7443]","[822, 13, 30549, 68448, 173346, 36218, 40692, 178900, 9209, 3076]"
"[5518, 5784, 7335, 22]","[822, 13, 30549, 68448, 173346, 36218, 40692, 178900, 9209, 3076]"
"[5740, 6553, 7437, 6083]","[822, 30549, 68448, 173346, 36218, 40692, 178900, 9209, 13, 3076]"
"[7965, 745, 3831, 5346]","[822, 13, 30549, 68448, 173346, 36218, 40692, 178900, 9209, 3076]"
"[5381, 2764, 5079, 149]","[822, 13, 30549, 68448, 173346, 36218, 40692, 178900, 9209, 3076]"
"[2659, 4552, 1931, 4960]","[822, 13, 30549, 68448, 173346, 36218, 40692, 178900, 9209, 3076]"
"[2571, 2930, 7238, 5788]","[822, 13, 30549, 68448, 173346, 36218, 40692, 178900, 9209, 3076]"
"[4101, 1096, 7820, 2451]","[822, 13, 30549, 68448, 173346, 36218, 40692, 178900, 9209, 3076]"
"[4685, 4190, 2213, 7689]","[822, 13, 30549, 68448, 173346, 36218, 40692, 178900, 9209, 3076]"
"[3186, 4848, 4083, 2274]","[822, 13, 30549, 68448, 173346, 36218, 40692, 178900, 9209, 3076]"
"[6326, 4051, 5152, 3664]","[822, 13, 30549, 68448, 173346, 36218, 40692, 178900, 9209, 3076]"
"[5791, 6449, 897, 4578]","[822, 13, 30549, 68448, 173346, 36218, 40692, 178900, 9209, 3076]"
"[6227, 4799, 1147, 7424]","[822, 13, 30549, 68448, 173346, 36218, 40692, 178900, 9209, 3076]"
"[7262, 6044, 882, 6055]","[822, 13, 30549, 68448, 173346, 36218, 40692, 178900, 9209, 3076]"
"[2644, 3181, 2699, 5465]","[822, 13, 30549, 68448, 173346, 36218, 40692, 9209, 178900, 3076]"
"[7191, 7329, 7634, 2388]","[822, 13, 30549, 68448, 173346, 36218, 40692, 178900, 9209, 3076]"
"[5433, 3555, 4727, 1318]","[822, 13, 30549, 68448, 173346, 36218, 40692, 178900, 9209, 3076]"
"[5440, 681, 3728, 6467]","[822, 13, 30549, 68448, 173346, 36218, 40692, 178900, 9209, 3076]"
"[5257, 5815, 921, 4721]","[822, 13, 30549, 68448, 173346, 36218, 40692, 9209, 3076, 178900]"
"[882, 5815, 5182, 4596]","[822, 13, 30549, 68448, 173346, 36218, 40692, 178900, 9209, 3076]"
"[7690, 4720, 2775, 299]","[822, 13, 30549, 68448, 173346, 40692, 178900, 9209, 3076, 36218]"
"[4107, 7174, 6633, 2569]","[822, 13, 30549, 68448, 173346, 36218, 40692, 9209, 3076, 178900]"
"[190, 4152, 7470, 376]","[822, 13, 30549, 68448, 173346, 36218, 178900, 9209, 3076, 40692]"
"[3747, 3271, 1576, 7266]","[822, 13, 30549, 68448, 173346, 36218, 40692, 178900, 9209, 3076]"
"[86, 11, 7113, 3406]","[822, 13, 30549, 68448, 173346, 36218, 40692, 178900, 9209, 3076]"
"[7992, 1750, 7868, 2506]","[822, 13, 30549, 68448, 173346, 36218, 40692, 178900, 9209, 3076]"
"[2191, 3660, 984, 3510]","[822, 13, 30549, 68448, 173346, 36218, 40692, 178900, 9209, 3076]"
"[984, 4862, 2536, 607]","[822, 13, 30549, 68448, 173346, 36218, 40692, 178900, 9209, 3076]"
"[7961, 2208, 5645, 1245]","[822, 13, 30549, 68448, 173346, 36218, 40692, 178900, 9209, 3076]"
"[6559, 1626, 7172, 2804]","[822, 13, 30549, 68448, 173346, 36218, 40692, 178900, 9209, 3076]"
"[4450, 725, 4067, 2016]","[822, 13, 30549, 68448, 173346, 36218, 178900, 9209, 40692, 3076]"
"[3256, 185, 1087, 4846]","[822, 13, 30549, 68448, 173346, 36218, 40692, 178900, 9209, 3076]"
"[262, 4706, 7358, 6067]","[822, 13, 30549, 68448, 173346, 36218, 40692, 178900, 9209, 3076]"
"[5299, 4809, 224, 5088]","[822, 13, 30549, 68448, 173346, 36218, 40692, 178900, 9209, 3076]"
"[4302, 4908, 4285, 5157]","[822, 13, 30549, 68448, 173346, 36218, 40692, 178900, 9209, 3076]"
"[6266, 167, 802, 7326]","[822, 13, 30549, 68448, 173346, 36218, 40692, 178900, 9209, 3076]"
"[5187, 2520, 1125, 4984]","[822, 13, 30549, 68448, 173346, 36218, 178900, 9209, 3076, 40692]"
"[7224, 2978, 7240, 7991]","[822, 13, 30549, 68448, 173346, 36218, 40692, 178900, 9209, 3076]"
"[7944, 6928, 4546, 730]","[822, 13, 30549, 68448, 173346, 36218, 40692, 178900, 9209, 3076]"
"[229, 3183, 403, 1087]","[822, 13, 30549, 68448, 173346, 36218, 40692, 178900, 9209, 3076]"
"[2591, 3728, 3937, 1499]","[822, 13, 30549, 68448, 173346, 36218, 40692, 178900, 9209, 3076]"
"[187, 5218, 7956, 6719]","[822, 13, 30549, 68448, 173346, 36218, 40692, 9209, 3076, 178900]"
"[6468, 3237, 2470, 651]","[822, 13, 30549, 68448, 173346, 36218, 40692, 178900, 9209, 3076]"
"[397, 5876, 368, 3324]","[822, 13, 30549, 68448, 173346, 36218, 40692, 178900, 9209, 3076]"
"[6246, 936, 1450, 1447]","[822, 13, 30549, 68448, 173346, 36218, 40692, 178900, 9209, 3076]"
"[4743, 1830, 5784, 2861]","[822, 13, 30549, 68448, 173346, 36218, 40692, 9209, 3076, 178900]"
"[403, 6575, 5809, 3178]","[822, 13, 30549, 68448, 173346, 36218, 40692, 178900, 9209, 3076]"
"[7307, 4071, 5524, 7860]","[822, 13, 30549, 68448, 173346, 36218, 40692, 178900, 9209, 3076]"
"[4224, 6208, 4623, 7596]","[822, 13, 30549, 68448, 173346, 36218, 40692, 178900, 9209, 3076]"
"[1090, 891, 2865, 5855]","[822, 13, 30549, 68448, 173346, 36218, 40692, 178900, 9209, 3076]"
"[4303, 5237, 6464, 7436]","[822, 13, 30549, 68448, 36218, 40692, 178900, 9209, 3076, 173346]"
"[7910, 6002, 1753, 1270]","[822, 13, 30549, 68448, 173346, 36218, 40692, 178900, 9209, 3076]"
"[905, 5725, 4815, 6609]","[822, 13, 30549, 68448, 173346, 36218, 40692, 178900, 9209, 3076]"
"[5235, 1371, 6631, 6391]","[822, 13, 30549, 68448, 173346, 36218, 40692, 178900, 9209, 3076]"
"[5477, 6319, 1399, 2783]","[822, 13, 30549, 68448, 173346, 36218, 40692, 178900, 9209, 3076]"
"[387, 6184, 7362, 1957]","[822, 13, 30549, 68448, 173346, 36218, 40692, 178900, 9209, 3076]"
"[7329, 1419, 3696, 7796]","[822, 13, 30549, 68448, 173346, 36218, 40692, 178900, 9209, 3076]"
"[5136, 2017, 3602, 929]","[822, 13, 30549, 68448, 173346, 36218, 40692, 178900, 9209, 3076]"
"[6882, 6299, 6013, 1077]","[822, 30549, 68448, 173346, 36218, 40692, 178900, 9209, 3076, 13]"
"[3119, 6838, 475, 4602]","[822, 13, 30549, 68448, 173346, 36218, 40692, 178900, 9209, 3076]"
"[1602, 3025, 4264, 4243]","[822, 13, 30549, 68448, 173346, 36218, 40692, 178900, 9209, 3076]"
"[538, 1805, 4702, 1370]","[822, 13, 30549, 68448, 173346, 36218, 40692, 178900, 9209, 3076]"
"[2325, 5481, 6370, 1016]","[822, 13, 30549, 68448, 173346, 36218, 40692, 178900, 9209, 3076]"
"[7887, 3264, 3864, 7422]","[822, 13, 30549, 68448, 173346, 36218, 40692, 178900, 9209, 3076]"
"[3224, 644, 484, 3540]","[822, 13, 30549, 68448, 173346, 36218, 40692, 178900, 9209, 3076]"
"[7792, 2946, 2170, 6515]","[822, 13, 30549, 68448, 36218, 40692, 178900, 9209, 3076, 173346]"
"[1161, 4561, 4192, 1827]","[822, 13, 30549, 68448, 173346, 36218, 40692, 178900, 9209, 3076]"
"[7581, 7690, 1839, 4166]","[822, 13, 30549, 68448, 173346, 36218, 40692, 178900, 9209, 3076]"
"[3223, 7384, 7991, 6738]","[822, 13, 30549, 68448, 173346, 36218, 40692, 178900, 9209, 3076]"
"[7910, 1215, 5391, 6081]","[822, 13, 30549, 68448, 173346, 36218, 40692, 178900, 9209, 3076]"
"[6914, 4815, 1151, 3879]","[822, 13, 30549, 68448, 173346, 36218, 40692, 178900, 9209, 3076]"
"[3730, 2339, 7580, 5327]","[822, 13, 30549, 68448, 173346, 36218, 40692, 178900, 9209, 3076]"
"[7666, 998, 5833, 1479]","[822, 13, 30549, 68448, 173346, 36218, 40692, 178900, 9209, 3076]"
"[7824, 3980, 2087, 3989]","[822, 13, 30549, 68448, 173346, 36218, 40692, 178900, 9209, 3076]"
"[6281, 1988, 6854, 1677]","[822, 13, 30549, 68448, 173346, 36218, 40692, 9209, 3076, 178900]"
"[637, 7797, 471, 7232]","[822, 13, 30549, 68448, 173346, 36218, 40692, 178900, 9209, 3076]"
"[4187, 5954, 7959, 2904]","[822, 13, 30549, 68448, 173346, 36218, 40692, 178900, 9209, 3076]"
"[258, 6106, 5794, 5042]","[822, 13, 30549, 68448, 173346, 36218, 40692, 178900, 9209, 3076]"
"[7299, 7384, 3040, 5876]","[822, 13, 30549, 68448, 173346, 36218, 40692, 178900, 9209, 3076]"
"[2267, 4607, 3602, 2886]","[822, 13, 30549, 68448, 173346, 36218, 40692, 178900, 9209, 3076]"
"[6620, 2869, 6074, 2775]","[822, 13, 30549, 68448, 173346, 36218, 40692, 178900, 9209, 3076]"
"[3746, 2361, 5754, 4640]","[822, 13, 30549, 68448, 173346, 36218, 40692, 178900, 9209, 3076]"
"[2949, 5921, 1499, 6990]","[822, 13, 30549, 68448, 173346, 36218, 40692, 178900, 9209, 3076]"
"[3911, 5200, 3930, 3557]","[822, 13, 30549, 68448, 173346, 36218, 40692, 178900, 9209, 3076]"
"[4725, 7960, 7499, 1450]","[822, 13, 30549, 68448, 173346, 36218, 40692, 9209, 178900, 3076]"
"[3655, 7939, 6385, 1165]","[822, 13, 30549, 68448, 173346, 36218, 40692, 178900, 9209, 3076]"
"[7783, 3493, 1572, 7196]","[822, 13, 30549, 68448, 173346, 36218, 40692, 178900, 9209, 3076]"
"[899, 208, 3131, 5731]","[822, 13, 30549, 68448, 173346, 36218, 40692, 178900, 9209, 3076]"
"[5803, 7476, 2635, 4492]","[822, 13, 30549, 68448, 173346, 36218, 40692, 178900, 9209, 3076]"
"[6337, 3466, 7573, 4674]","[822, 13, 30549, 68448, 173346, 36218, 40692, 178900, 9209, 3076]"
"[754, 3081, 6472, 2571]","[822, 13, 30549, 68448, 36218, 40692, 178900, 9209, 3076, 173346]"
"[2522, 6576, 7065, 812]","[822, 13, 30549, 68448, 173346, 36218, 40692, 178900, 9209, 3076]"
"[7004, 4136, 7796, 3539]","[822, 13, 30549, 68448, 173346, 36218, 40692, 9209, 3076, 178900]"
"[5715, 3664, 3631, 3478]","[822, 13, 30549, 68448, 173346, 36218, 40692, 178900, 9209, 3076]"
"[2863, 497, 866, 2962]","[822, 13, 30549, 68448, 173346, 36218, 40692, 178900, 9209, 3076]"
"[760, 5714, 4475, 910]","[822, 13, 68448, 173346, 36218, 40692, 178900, 9209, 3076, 30549]"
"[7991, 1593, 4499, 1020]","[822, 13, 30549, 68448, 173346, 36218, 40692, 178900, 9209, 3076]"
"[7858, 2922, 7266, 6601]","[822, 13, 30549, 68448, 173346, 36218, 40692, 178900, 9209, 3076]"
"[7742, 2700, 4404, 7839]","[822, 13, 30549, 68448, 173346, 36218, 40692, 178900, 9209, 3076]"
"[3831, 7470, 2617, 3775]","[822, 13, 30549, 68448, 173346, 36218, 40692, 178900, 9209, 3076]"
"[4565, 2552, 4979, 5081]","[822, 13, 30549, 68448, 173346, 36218, 40692, 178900, 9209, 3076]"
"[5533, 4624, 7660, 4659]","[822, 13, 30549, 68448, 173346, 36218, 40692, 178900, 9209, 3076]"
"[1577, 1681, 4309, 7581]","[822, 13, 30549, 68448, 173346, 36218, 40692, 178900, 9209, 3076]"
"[2839, 1344, 2901, 3581]","[822, 13, 30549, 68448, 173346, 36218, 40692, 178900, 9209, 3076]"
"[2328, 345, 1849, 1213]","[822, 13, 30549, 68448, 173346, 36218, 40692, 178900, 9209, 3076]"
"[955, 1769, 2488, 5295]","[822, 13, 30549, 68448, 173346, 36218, 178900, 9209, 3076, 40692]"
"[302, 2769, 5877, 469]","[822, 13, 30549, 68448, 173346, 36218, 40692, 178900, 9209, 3076]"
"[4381, 2497, 7229, 6235]","[822, 13, 30549, 68448, 173346, 36218, 40692, 178900, 9209, 3076]"
"[5081, 537, 7010, 7876]","[822, 13, 30549, 68448, 36218, 40692, 178900, 9209, 3076, 173346]"
"[1147, 6271, 6336, 1757]","[822, 13, 30549, 68448, 173346, 36218, 40692, 178900, 9209, 3076]"
"[643, 5833, 2832, 2141]","[822, 13, 30549, 68448, 173346, 36218, 40692, 178900, 9209, 3076]"
"[4157, 5156, 2415, 5331]","[822, 13, 30549, 68448, 173346, 36218, 40692, 178900, 9209, 3076]"
"[6667, 4681, 827, 4484]","[822, 13, 30549, 68448, 36218, 40692, 178900, 9209, 3076, 173346]"
"[3180, 6376, 1473, 701]","[822, 13, 30549, 68448, 173346, 36218, 40692, 178900, 9209, 3076]"
"[2715, 4299, 5229, 5615]","[822, 13, 30549, 68448, 173346, 36218, 40692, 178900, 9209, 3076]"
"[4282, 4382, 5294, 6108]","[822, 13, 30549, 68448, 36218, 40692, 178900, 9209, 3076, 173346]"
"[5766, 1073, 2288, 1860]","[822, 13, 30549, 68448, 173346, 36218, 40692, 178900, 9209, 3076]"
"[909, 2890, 7025, 4807]","[822, 13, 30549, 68448, 173346, 36218, 40692, 178900, 9209, 3076]"
"[5858, 2912, 4695, 5252]","[822, 13, 30549, 68448, 173346, 36218, 40692, 178900, 9209, 3076]"
"[1775, 3576, 2418, 2274]","[822, 13, 30549, 68448, 173346, 36218, 40692, 178900, 9209, 3076]"
"[701, 2481, 4695, 3406]","[822, 13, 30549, 68448, 173346, 36218, 40692, 178900, 9209, 3076]"
"[2609, 4503, 4674, 1065]","[822, 13, 30549, 68448, 173346, 36218, 40692, 178900, 9209, 3076]"
"[545, 976, 291, 1750]","[822, 13, 30549, 68448, 173346, 36218, 40692, 178900, 9209, 3076]"
"[2255, 5984, 637, 5287]","[822, 13, 30549, 68448, 173346, 36218, 40692, 178900, 9209, 3076]"
"[150, 7142, 6912, 7314]","[822, 13, 30549, 68448, 173346, 36218, 40692, 178900, 9209, 3076]"
"[3619, 7125, 6937, 215]","[822, 13, 30549, 68448, 173346, 36218, 40692, 178900, 9209, 3076]"
"[743, 859, 7343, 3767]","[822, 13, 30549, 68448, 173346, 36218, 40692, 9209, 3076, 178900]"
"[5861, 29, 6734, 5072]","[822, 13, 30549, 68448, 173346, 36218, 40692, 178900, 9209, 3076]"
"[3359, 970, 4373, 5648]","[822, 13, 30549, 68448, 173346, 36218, 40692, 178900, 9209, 3076]"
"[469, 3588, 5022, 7816]","[822, 13, 30549, 68448, 173346, 36218, 40692, 178900, 9209, 3076]"
"[1919, 1139, 4566, 2478]","[822, 13, 30549, 68448, 173346, 36218, 40692, 178900, 9209, 3076]"
"[7216, 7188, 2061, 607]","[822, 13, 30549, 68448, 173346, 36218, 40692, 9209, 3076, 178900]"
"[7470, 3767, 6802, 7278]","[822, 13, 30549, 68448, 173346, 36218, 40692, 178900, 9209, 3076]"
"[1612, 2766, 3722, 374]","[822, 13, 30549, 68448, 173346, 36218, 40692, 178900, 9209, 3076]"
"[4302, 7123, 709, 7721]","[822, 13, 30549, 68448, 173346, 36218, 40692, 178900, 9209, 3076]"
"[6151, 5735, 384, 2570]","[822, 13, 30549, 68448, 173346, 36218, 40692, 178900, 9209, 3076]"
"[1788, 7912, 4058, 3003]","[822, 13, 30549, 68448, 173346, 36218, 40692, 178900, 9209, 3076]"
"[3843, 6877, 4372, 6937]","[822, 13, 30549, 68448, 173346, 36218, 40692, 178900, 9209, 3076]"
"[6719, 6004, 2775, 7307]","[822, 13, 30549, 68448, 173346, 36218, 40692, 178900, 9209, 3076]"
"[3610, 5381, 7772, 7596]","[822, 13, 30549, 68448, 173346, 36218, 40692, 178900, 9209, 3076]"
"[4400, 2198, 7364, 6081]","[822, 13, 30549, 68448, 173346, 36218, 40692, 178900, 9209, 3076]"
"[1344, 7083, 1517, 4683]","[822, 13, 30549, 68448, 173346, 178900, 9209, 3076, 36218, 40692]"
"[4499, 83, 2771, 4585]","[822, 13, 30549, 68448, 173346, 36218, 40692, 178900, 9209, 3076]"
"[5996, 2591, 3805, 3918]","[822, 13, 30549, 68448, 173346, 36218, 40692, 178900, 9209, 3076]"
"[5170, 1824, 3059, 4499]","[822, 13, 30549, 68448, 173346, 36218, 40692, 178900, 9209, 3076]"
"[4166, 5012, 907, 2439]","[822, 13, 30549, 68448, 173346, 36218, 40692, 178900, 9209, 3076]"
"[4302, 7570, 2762, 2767]","[822, 13, 30549, 68448, 173346, 36218, 40692, 178900, 9209, 3076]"
"[2796, 2444, 4375, 7581]","[822, 13, 30549, 68448, 173346, 36218, 178900, 9209, 3076, 40692]"
"[4787, 3991, 6749, 5313]","[822, 13, 30549, 68448, 173346, 36218, 40692, 178900, 9209, 3076]"
"[397, 4167, 3770, 5957]","[822, 13, 30549, 68448, 36218, 40692, 178900, 9209, 3076, 173346]"
"[1291, 6281, 2497, 3949]","[822, 13, 30549, 68448, 173346, 36218, 40692, 9209, 3076, 178900]"
"[5024, 1207, 4596, 5943]","[822, 13, 30549, 68448, 173346, 36218, 40692, 178900, 3076, 9209]"
"[7772, 114, 4964, 6356]","[822, 13, 30549, 68448, 173346, 36218, 40692, 178900, 9209, 3076]"
"[1427, 643, 2054, 6325]","[822, 13, 30549, 68448, 173346, 36218, 40692, 178900, 9209, 3076]"
"[1808, 6235, 1234, 4268]","[822, 13, 30549, 68448, 173346, 36218, 40692, 178900, 9209, 3076]"
"[3805, 7660, 5735, 899]","[822, 13, 30549, 68448, 173346, 36218, 40692, 178900, 9209, 3076]"
"[2930, 397, 3446, 6510]","[822, 13, 30549, 68448, 173346, 36218, 40692, 178900, 9209, 3076]"
"[6174, 7514, 1021, 6129]","[822, 13, 30549, 68448, 173346, 36218, 40692, 178900, 9209, 3076]"
"[6391, 5429, 7798, 3677]","[822, 13, 30549, 68448, 173346, 36218, 40692, 178900, 9209, 3076]"
"[6573, 6633, 43, 3576]","[822, 13, 30549, 68448, 173346, 36218, 40692, 178900, 9209, 3076]"
"[6651, 4847, 2890, 3314]","[822, 13, 30549, 68448, 173346, 36218, 40692, 178900, 9209, 3076]"
"[1731, 7721, 4320, 5617]","[822, 13, 68448, 173346, 36218, 40692, 178900, 9209, 3076, 30549]"
"[2942, 7580, 425, 4688]","[822, 13, 30549, 68448, 173346, 36218, 40692, 178900, 9209, 3076]"
