"group_members","recommendations"
"[6411, 715, 1947, 7891]","[13, 30549, 822, 68448, 36218, 148228, 9209, 70323, 167791, 178900]"
"[7272, 2581, 1602, 2015]","[13, 30549, 822, 68448, 36218, 148228, 9209, 70323, 167791, 178900]"
"[2368, 1396, 3237, 460]","[13, 30549, 822, 68448, 36218, 148228, 9209, 70323, 167791, 178900]"
"[6377, 3848, 4944, 6547]","[13, 30549, 822, 68448, 36218, 148228, 9209, 70323, 167791, 178900]"
"[4526, 4484, 3751, 6411]","[13, 30549, 822, 68448, 148228, 9209, 70323, 167791, 178900, 36218]"
"[6614, 2436, 5111, 3418]","[13, 30549, 822, 68448, 36218, 148228, 9209, 167791, 178900, 70323]"
"[2950, 6860, 4889, 1281]","[13, 30549, 822, 68448, 36218, 148228, 9209, 167791, 178900, 70323]"
"[7881, 951, 2335, 384]","[13, 30549, 68448, 36218, 148228, 9209, 70323, 167791, 178900, 822]"
"[2436, 2913, 6345, 5603]","[13, 30549, 822, 68448, 36218, 148228, 9209, 70323, 167791, 178900]"
"[2307, 4021, 3299, 5819]","[13, 30549, 822, 36218, 148228, 9209, 70323, 167791, 178900, 68448]"
"[5163, 3471, 500, 2634]","[13, 30549, 822, 68448, 36218, 148228, 9209, 70323, 167791, 178900]"
"[1012, 2864, 1396, 971]","[13, 30549, 822, 68448, 36218, 148228, 9209, 70323, 167791, 178900]"
"[3675, 1659, 5738, 1512]","[13, 30549, 68448, 148228, 9209, 70323, 167791, 178900, 822, 36218]"
"[1281, 7145, 5762, 4484]","[13, 30549, 822, 68448, 36218, 148228, 9209, 70323, 167791, 178900]"
"[3576, 2930, 7145, 3423]","[13, 30549, 822, 68448, 36218, 148228, 9209, 70323, 167791, 178900]"
"[7255, 3234, 6763, 7547]","[13, 30549, 822, 36218, 148228, 9209, 70323, 178900, 167791, 68448]"
"[3426, 4580, 1855, 1317]","[13, 30549, 822, 68448, 36218, 148228, 9209, 167791, 178900, 31260]"
"[6386, 7858, 6345, 3548]","[13, 30549, 822, 68448, 36218, 148228, 9209, 70323, 167791, 178900]"
"[6614, 4413, 688, 3016]","[13, 30549, 822, 68448, 36218, 148228, 9209, 70323, 167791, 178900]"
"[1422, 1005, 6291, 3798]","[13, 30549, 822, 68448, 36218, 148228, 9209, 70323, 167791, 178900]"
"[2285, 3914, 1040, 3461]","[13, 30549, 822, 36218, 148228, 9209, 167791, 178900, 68448, 70323]"
"[3848, 68, 7992, 460]","[13, 30549, 822, 68448, 36218, 148228, 9209, 70323, 167791, 178900]"
"[3060, 4155, 4555, 5170]","[13, 30549, 68448, 36218, 148228, 9209, 70323, 178900, 822, 167791]"
"[5170, 4414, 4663, 3234]","[13, 30549, 822, 68448, 36218, 148228, 9209, 70323, 178900, 31260]"
"[4258, 3548, 1904, 7248]","[13, 30549, 822, 68448, 36218, 148228, 9209, 70323, 167791, 178900]"
"[1040, 7856, 4674, 2930]","[13, 30549, 822, 68448, 36218, 148228, 9209, 167791, 178900, 70323]"
"[4537, 555, 5351, 715]","[13, 30549, 822, 68448, 36218, 148228, 9209, 70323, 167791, 178900]"
"[7104, 5139, 6411, 4367]","[13, 30549, 822, 68448, 36218, 148228, 9209, 70323, 167791, 178900]"
"[1288, 6183, 6527, 2408]","[13, 30549, 822, 68448, 36218, 148228, 9209, 167791, 178900, 70323]"
"[2140, 5518, 6763, 6649]","[13, 30549, 822, 68448, 36218, 148228, 9209, 70323, 167791, 178900]"
"[6661, 2, 1553, 7873]","[13, 30549, 822, 68448, 36218, 9209, 70323, 167791, 178900, 148228]"
"[715, 4064, 3981, 4832]","[13, 30549, 822, 68448, 36218, 148228, 9209, 70323, 167791, 178900]"
"[7856, 4367, 3138, 2477]","[13, 30549, 822, 68448, 36218, 148228, 9209, 70323, 167791, 178900]"
"[1512, 1771, 6445, 3095]","[13, 30549, 822, 68448, 36218, 148228, 9209, 70323, 167791, 178900]"
"[3237, 3471, 3114, 483]","[13, 30549, 822, 68448, 36218, 148228, 9209, 70323, 167791, 178900]"
"[2943, 4155, 232, 6442]","[13, 30549, 68448, 36218, 148228, 9209, 70323, 167791, 178900, 822]"
"[723, 1673, 5571, 3426]","[13, 30549, 822, 68448, 36218, 148228, 178900, 167791, 31260, 9209]"
"[6580, 7780, 788, 951]","[13, 30549, 822, 36218, 148228, 9209, 70323, 167791, 178900, 68448]"
"[4756, 5397, 6028, 3109]","[13, 30549, 36218, 148228, 9209, 178900, 822, 68448, 70323, 167791]"
"[3818, 1567, 3250, 5762]","[13, 30549, 822, 68448, 36218, 148228, 9209, 70323, 167791, 178900]"
"[7800, 6842, 1994, 2591]","[13, 30549, 822, 68448, 36218, 148228, 9209, 70323, 167791, 178900]"
"[1326, 7502, 1005, 1344]","[13, 30549, 822, 68448, 148228, 9209, 167791, 178900, 36218, 70323]"
"[3593, 788, 5210, 1881]","[13, 30549, 822, 36218, 148228, 9209, 167791, 178900, 68448, 31260]"
"[6291, 4773, 6386, 5111]","[13, 30549, 822, 68448, 36218, 148228, 9209, 70323, 167791, 178900]"
"[658, 6725, 3234, 3153]","[13, 30549, 822, 68448, 36218, 148228, 9209, 70323, 178900, 167791]"
"[6842, 2257, 6625, 1281]","[13, 30549, 822, 68448, 36218, 148228, 9209, 70323, 167791, 178900]"
"[5951, 1989, 6221, 1097]","[13, 30549, 822, 36218, 148228, 9209, 70323, 167791, 178900, 68448]"
"[1553, 1156, 5455, 6386]","[13, 30549, 822, 68448, 36218, 148228, 9209, 70323, 167791, 178900]"
"[5139, 6988, 3060, 999]","[13, 30549, 822, 68448, 36218, 148228, 9209, 70323, 167791, 178900]"
"[6483, 5219, 5785, 384]","[13, 30549, 68448, 36218, 148228, 9209, 70323, 167791, 178900, 822]"
"[6442, 7856, 5996, 7547]","[13, 30549, 822, 68448, 36218, 148228, 9209, 70323, 167791, 178900]"
"[3100, 1553, 409, 6669]","[13, 30549, 822, 36218, 148228, 9209, 70323, 167791, 178900, 68448]"
"[1219, 1881, 4756, 644]","[13, 30549, 822, 68448, 36218, 148228, 9209, 167791, 178900, 70323]"
"[6124, 6929, 5844, 5163]","[13, 30549, 822, 68448, 148228, 9209, 70323, 167791, 178900, 36218]"
"[2408, 5163, 6345, 3231]","[13, 30549, 822, 68448, 36218, 148228, 9209, 70323, 167791, 178900]"
"[5007, 7083, 7414, 971]","[13, 30549, 822, 68448, 36218, 148228, 9209, 70323, 167791, 178900]"
"[2634, 3135, 3818, 1465]","[13, 30549, 822, 68448, 36218, 148228, 9209, 70323, 167791, 178900]"
"[975, 2619, 6929, 3234]","[13, 30549, 822, 36218, 148228, 9209, 70323, 178900, 68448, 167791]"
"[1923, 3675, 3914, 4021]","[13, 30549, 822, 36218, 148228, 9209, 167791, 178900, 68448, 70323]"
"[1164, 1344, 1535, 2443]","[13, 30549, 822, 68448, 36218, 148228, 9209, 70323, 167791, 178900]"
"[4970, 1040, 3338, 3034]","[13, 30549, 822, 68448, 36218, 148228, 9209, 167791, 178900, 70323]"
"[7858, 7891, 3240, 6669]","[13, 30549, 822, 68448, 36218, 148228, 9209, 70323, 167791, 178900]"
"[4825, 2111, 6830, 1989]","[13, 30549, 822, 148228, 9209, 70323, 167791, 178900, 36218, 68448]"
"[4155, 4761, 2368, 1164]","[13, 30549, 68448, 36218, 148228, 9209, 70323, 167791, 178900, 822]"
"[118, 3605, 5932, 5219]","[13, 30549, 822, 68448, 36218, 148228, 9209, 167791, 178900, 70323]"
"[2156, 1219, 1224, 2410]","[13, 30549, 822, 68448, 36218, 148228, 9209, 167791, 178900, 70323]"
"[3135, 2410, 3919, 807]","[13, 30549, 822, 36218, 148228, 9209, 178900, 68448, 70323, 167791]"
"[5351, 3312, 975, 846]","[13, 30549, 822, 68448, 36218, 148228, 9209, 70323, 167791, 178900]"
"[6167, 67, 2443, 4756]","[13, 30549, 822, 36218, 148228, 9209, 70323, 167791, 178900, 68448]"
"[2943, 5965, 723, 5518]","[13, 30549, 822, 68448, 36218, 148228, 70323, 167791, 178900, 9209]"
"[685, 6445, 3357, 2465]","[13, 30549, 822, 68448, 148228, 9209, 70323, 167791, 178900, 36218]"
"[1261, 6845, 1028, 3109]","[13, 30549, 822, 36218, 148228, 9209, 70323, 167791, 178900, 68448]"
"[890, 1097, 1164, 3818]","[13, 30549, 822, 36218, 148228, 9209, 70323, 167791, 178900, 68448]"
"[213, 7873, 1005, 4064]","[13, 30549, 822, 68448, 36218, 9209, 70323, 167791, 178900, 148228]"
"[6649, 5819, 7856, 314]","[13, 30549, 822, 36218, 148228, 9209, 70323, 167791, 178900, 68448]"
"[3756, 888, 6849, 7279]","[13, 30549, 822, 36218, 148228, 9209, 70323, 167791, 178900, 68448]"
"[6411, 2718, 5163, 6194]","[13, 30549, 822, 68448, 36218, 148228, 9209, 70323, 167791, 178900]"
"[2354, 2023, 3206, 5397]","[13, 30549, 68448, 36218, 148228, 9209, 70323, 178900, 822, 167791]"
"[6763, 4035, 6829, 4025]","[13, 30549, 822, 68448, 36218, 148228, 9209, 70323, 167791, 178900]"
"[1005, 4359, 3501, 4889]","[13, 30549, 822, 36218, 148228, 9209, 167791, 178900, 68448, 70323]"
"[5397, 2950, 3623, 4257]","[13, 30549, 68448, 36218, 148228, 9209, 178900, 70323, 822, 167791]"
"[6649, 2436, 1156, 68]","[13, 30549, 822, 68448, 36218, 148228, 9209, 70323, 167791, 178900]"
"[1164, 409, 6718, 6384]","[13, 30549, 822, 36218, 148228, 9209, 167791, 178900, 68448, 70323]"
"[7050, 2443, 3548, 5210]","[13, 30549, 68448, 36218, 148228, 9209, 167791, 178900, 822, 31260]"
"[2015, 3117, 6291, 5415]","[13, 30549, 822, 68448, 36218, 148228, 9209, 70323, 167791, 178900]"
"[1465, 5932, 6028, 1512]","[13, 30549, 822, 68448, 36218, 148228, 9209, 167791, 178900, 70323]"
"[2231, 3605, 2634, 6829]","[13, 30549, 822, 68448, 36218, 148228, 9209, 70323, 167791, 178900]"
"[4555, 7689, 1317, 5224]","[13, 30549, 822, 68448, 36218, 148228, 9209, 167791, 178900, 70323]"
"[5819, 4376, 68, 5745]","[13, 30549, 822, 36218, 148228, 9209, 70323, 167791, 178900, 68448]"
"[6661, 4773, 62, 3231]","[13, 30549, 822, 68448, 36218, 148228, 9209, 70323, 167791, 178900]"
"[437, 2023, 7881, 5044]","[13, 30549, 68448, 36218, 148228, 9209, 70323, 178900, 822, 167791]"
"[4258, 460, 7014, 2414]","[13, 30549, 822, 36218, 148228, 9209, 70323, 167791, 178900, 68448]"
"[1735, 3981, 6536, 2864]","[13, 30549, 822, 36218, 148228, 9209, 167791, 178900, 68448, 70323]"
"[4413, 6763, 500, 788]","[13, 30549, 822, 36218, 148228, 9209, 70323, 167791, 178900, 68448]"
"[7721, 2864, 2341, 7502]","[13, 30549, 822, 36218, 148228, 9209, 70323, 167791, 178900, 68448]"
"[3231, 7469, 5791, 1219]","[13, 30549, 822, 68448, 36218, 148228, 9209, 70323, 167791, 178900]"
"[1512, 7150, 6669, 6941]","[13, 30549, 822, 68448, 36218, 148228, 9209, 70323, 167791, 178900]"
"[1164, 4584, 3357, 3138]","[13, 30549, 822, 68448, 36218, 148228, 9209, 70323, 167791, 178900]"
"[1288, 7050, 1018, 4773]","[13, 30549, 36218, 148228, 9209, 167791, 178900, 822, 68448, 70323]"
"[3136, 5782, 5397, 2368]","[13, 30549, 68448, 36218, 148228, 9209, 70323, 178900, 822, 167791]"
"[6851, 4650, 6930, 1164]","[13, 30549, 822, 68448, 36218, 148228, 9209, 70323, 167791, 178900]"
"[7014, 6167, 7327, 1336]","[13, 30549, 822, 36218, 148228, 9209, 70323, 167791, 178900, 68448]"
"[7327, 6779, 7145, 4256]","[13, 30549, 822, 68448, 36218, 148228, 9209, 70323, 167791, 178900]"
"[2077, 2195, 5745, 658]","[13, 30549, 68448, 36218, 148228, 9209, 167791, 178900, 70323, 822]"
"[1465, 2901, 2303, 614]","[13, 30549, 822, 68448, 36218, 148228, 9209, 70323, 167791, 178900]"
"[3548, 7014, 2477, 7050]","[13, 30549, 36218, 148228, 9209, 167791, 178900, 822, 68448, 70323]"
"[1156, 4293, 7780, 3016]","[13, 30549, 822, 68448, 36218, 148228, 9209, 70323, 167791, 178900]"
"[2257, 3598, 1512, 5996]","[13, 30549, 822, 68448, 36218, 148228, 9209, 70323, 167791, 178900]"
"[3250, 4996, 6860, 2102]","[13, 30549, 68448, 36218, 148228, 9209, 70323, 167791, 178900, 822]"
"[750, 4677, 2593, 3600]","[13, 30549, 822, 68448, 36218, 148228, 9209, 70323, 167791, 178900]"
"[4413, 5347, 6889, 7940]","[13, 30549, 822, 68448, 36218, 148228, 9209, 70323, 167791, 178900]"
"[6929, 3117, 4650, 409]","[13, 30549, 822, 68448, 36218, 148228, 9209, 70323, 167791, 178900]"
"[5109, 4021, 5163, 7083]","[13, 30549, 822, 68448, 36218, 148228, 9209, 70323, 167791, 178900]"
"[3600, 2864, 1659, 723]","[13, 30549, 822, 68448, 36218, 148228, 70323, 167791, 178900, 9209]"
"[3206, 3083, 5201, 7394]","[13, 30549, 822, 68448, 36218, 148228, 9209, 167791, 178900, 70323]"
"[3016, 6124, 4526, 4064]","[13, 30549, 822, 68448, 148228, 9209, 70323, 167791, 178900, 36218]"
"[5043, 1005, 7050, 384]","[13, 30549, 68448, 36218, 148228, 9209, 167791, 178900, 822, 70323]"
"[1904, 3240, 2989, 5904]","[13, 30549, 822, 68448, 36218, 148228, 9209, 70323, 167791, 178900]"
"[4376, 6941, 7195, 4287]","[13, 30549, 822, 68448, 36218, 148228, 9209, 70323, 167791, 178900]"
"[1512, 6623, 552, 1904]","[13, 30549, 822, 68448, 36218, 148228, 9209, 70323, 167791, 178900]"
"[5791, 7166, 1602, 5819]","[13, 30549, 822, 36218, 148228, 9209, 70323, 167791, 178900, 68448]"
"[6718, 1156, 6442, 3299]","[13, 30549, 822, 68448, 36218, 148228, 9209, 167791, 178900, 70323]"
"[7547, 6384, 4650, 5044]","[13, 30549, 822, 36218, 148228, 9209, 70323, 178900, 68448, 167791]"
"[2443, 4273, 7248, 658]","[13, 30549, 822, 68448, 36218, 148228, 9209, 70323, 167791, 178900]"
"[1298, 3548, 7145, 1855]","[13, 30549, 822, 68448, 36218, 148228, 9209, 70323, 167791, 178900]"
"[4074, 4773, 4756, 1040]","[13, 30549, 822, 68448, 9209, 167791, 178900, 70323, 36218, 148228]"
"[7892, 6860, 3848, 5455]","[13, 30549, 822, 68448, 36218, 148228, 9209, 70323, 167791, 178900]"
"[6159, 6842, 2408, 7279]","[13, 30549, 822, 68448, 36218, 148228, 9209, 70323, 167791, 178900]"
"[2465, 6861, 4910, 7816]","[13, 30549, 822, 68448, 148228, 9209, 167791, 178900, 70323, 36218]"
"[3616, 7780, 7150, 6154]","[13, 30549, 822, 68448, 36218, 148228, 9209, 70323, 167791, 178900]"
"[7919, 4872, 7414, 1538]","[13, 30549, 822, 68448, 36218, 148228, 9209, 167791, 178900, 70323]"
"[4413, 7576, 5170, 6829]","[13, 30549, 822, 68448, 36218, 148228, 9209, 70323, 178900, 167791]"
"[3644, 3117, 1565, 5809]","[13, 30549, 822, 68448, 36218, 148228, 9209, 70323, 167791, 178900]"
"[6718, 6623, 6612, 7145]","[13, 30549, 822, 68448, 36218, 148228, 9209, 167791, 178900, 70323]"
"[1020, 1264, 3231, 6614]","[13, 30549, 822, 68448, 36218, 148228, 9209, 70323, 167791, 178900]"
"[4576, 2854, 3117, 688]","[13, 30549, 822, 68448, 36218, 148228, 9209, 70323, 167791, 178900]"
"[3395, 7272, 1855, 7394]","[13, 30549, 822, 68448, 36218, 148228, 9209, 167791, 178900, 70323]"
"[5903, 290, 6821, 2354]","[13, 30549, 822, 68448, 36218, 148228, 9209, 70323, 167791, 178900]"
"[3331, 3138, 1264, 614]","[13, 30549, 822, 68448, 36218, 148228, 9209, 70323, 167791, 178900]"
"[7560, 6126, 4580, 112]","[13, 30549, 822, 68448, 148228, 9209, 70323, 167791, 178900, 36218]"
"[6830, 3135, 3928, 2465]","[13, 30549, 148228, 9209, 70323, 167791, 178900, 822, 68448, 36218]"
"[3623, 846, 2950, 614]","[13, 30549, 822, 68448, 36218, 148228, 9209, 167791, 178900, 70323]"
"[1538, 6829, 3100, 5316]","[13, 30549, 822, 36218, 148228, 9209, 70323, 167791, 178900, 68448]"
"[1040, 6649, 644, 3100]","[13, 30549, 822, 36218, 148228, 9209, 167791, 178900, 68448, 31260]"
"[3136, 3600, 5351, 3418]","[13, 30549, 822, 68448, 36218, 148228, 9209, 167791, 178900, 70323]"
"[2989, 6860, 1855, 1484]","[13, 30549, 822, 68448, 36218, 148228, 9209, 70323, 167791, 178900]"
"[1298, 3423, 7150, 6861]","[13, 30549, 822, 68448, 36218, 148228, 9209, 70323, 167791, 178900]"
"[3677, 5730, 7145, 6612]","[13, 30549, 822, 68448, 36218, 148228, 9209, 167791, 178900, 70323]"
"[5603, 3136, 5169, 999]","[13, 30549, 822, 68448, 36218, 148228, 9209, 70323, 178900, 167791]"
"[2140, 6377, 2157, 6154]","[13, 30549, 822, 68448, 36218, 148228, 9209, 70323, 167791, 178900]"
"[6345, 1565, 4020, 3083]","[13, 30549, 822, 68448, 36218, 148228, 9209, 70323, 167791, 178900]"
"[715, 6547, 6940, 2634]","[13, 30549, 822, 68448, 36218, 148228, 9209, 70323, 167791, 178900]"
"[5791, 7248, 2156, 6028]","[13, 30549, 822, 68448, 36218, 148228, 9209, 167791, 178900, 70323]"
"[4677, 4413, 4576, 5932]","[13, 30549, 822, 68448, 36218, 148228, 9209, 70323, 167791, 178900]"
"[62, 6889, 4287, 6194]","[13, 30549, 822, 68448, 36218, 148228, 9209, 70323, 167791, 178900]"
"[1651, 5169, 6580, 1298]","[13, 30549, 68448, 36218, 148228, 9209, 70323, 178900, 167791, 822]"
"[2285, 1281, 6028, 3981]","[13, 30549, 822, 68448, 36218, 148228, 9209, 167791, 178900, 70323]"
"[4025, 1219, 888, 3598]","[13, 30549, 822, 36218, 148228, 9209, 70323, 167791, 178900, 68448]"
"[6860, 3345, 4020, 1279]","[13, 30549, 822, 36218, 148228, 9209, 70323, 167791, 178900, 68448]"
"[2950, 4526, 118, 4663]","[13, 30549, 822, 68448, 148228, 9209, 167791, 178900, 36218, 70323]"
"[2864, 1855, 2335, 3060]","[13, 30549, 822, 68448, 36218, 148228, 9209, 70323, 167791, 178900]"
"[5139, 4940, 6978, 1018]","[13, 30549, 822, 148228, 9209, 70323, 167791, 178900, 68448, 36218]"
"[692, 7919, 3117, 460]","[13, 30549, 822, 68448, 36218, 148228, 9209, 167791, 178900, 70323]"
"[4273, 7547, 111, 4954]","[13, 30549, 822, 68448, 36218, 148228, 9209, 70323, 167791, 178900]"
"[4970, 6830, 1904, 7940]","[13, 30549, 822, 68448, 36218, 148228, 9209, 70323, 167791, 178900]"
"[3443, 2111, 4784, 971]","[13, 30549, 822, 148228, 9209, 70323, 167791, 178900, 68448, 36218]"
"[5455, 7891, 3818, 5415]","[13, 30549, 822, 68448, 36218, 148228, 9209, 70323, 167791, 178900]"
"[3675, 3418, 4020, 1923]","[13, 30549, 822, 68448, 36218, 148228, 9209, 167791, 178900, 70323]"
"[1870, 1020, 4954, 3136]","[13, 30549, 822, 68448, 36218, 148228, 9209, 70323, 167791, 178900]"
"[6763, 3095, 7631, 4367]","[13, 30549, 822, 68448, 36218, 148228, 9209, 70323, 167791, 178900]"
"[1816, 7881, 4293, 2285]","[13, 30549, 68448, 36218, 148228, 9209, 70323, 167791, 178900, 31260]"
"[5571, 1344, 7172, 698]","[13, 30549, 822, 68448, 36218, 148228, 9209, 70323, 167791, 178900]"
"[496, 975, 2591, 4674]","[13, 30549, 822, 36218, 148228, 9209, 70323, 167791, 178900, 68448]"
"[2140, 122, 4872, 7689]","[13, 30549, 822, 68448, 36218, 148228, 9209, 70323, 167791, 178900]"
"[3135, 7502, 5518, 7414]","[13, 30549, 822, 68448, 36218, 148228, 9209, 70323, 167791, 178900]"
"[1005, 5382, 3117, 2015]","[13, 30549, 822, 68448, 36218, 148228, 9209, 70323, 167791, 178900]"
"[6974, 4576, 68, 6661]","[13, 30549, 822, 36218, 148228, 9209, 70323, 167791, 178900, 68448]"
"[5455, 698, 67, 692]","[13, 30549, 822, 36218, 148228, 9209, 70323, 167791, 178900, 68448]"
"[5224, 6829, 6221, 4555]","[13, 30549, 822, 68448, 36218, 148228, 9209, 70323, 167791, 178900]"
"[5965, 6194, 5035, 3501]","[13, 30549, 822, 36218, 148228, 9209, 70323, 167791, 178900, 68448]"
"[3034, 2913, 2465, 1735]","[13, 30549, 822, 68448, 148228, 9209, 70323, 167791, 178900, 36218]"
"[2408, 7444, 7272, 4293]","[13, 30549, 822, 36218, 148228, 9209, 70323, 167791, 178900, 68448]"
"[4658, 409, 1317, 975]","[13, 30549, 822, 68448, 36218, 148228, 9209, 167791, 178900, 70323]"
"[2057, 1308, 1567, 846]","[13, 30549, 822, 68448, 36218, 148228, 9209, 70323, 167791, 178900]"
"[112, 715, 2231, 3153]","[13, 30549, 822, 68448, 36218, 148228, 9209, 70323, 167791, 178900]"
"[1565, 6943, 6779, 286]","[13, 30549, 822, 68448, 36218, 148228, 9209, 70323, 167791, 178900]"
"[7856, 1422, 316, 6612]","[13, 30549, 822, 68448, 36218, 148228, 9209, 70323, 167791, 178900]"
"[409, 5151, 6536, 4825]","[13, 30549, 822, 36218, 148228, 9209, 167791, 178900, 31260, 68448]"
"[7940, 3338, 112, 698]","[13, 30549, 822, 68448, 36218, 148228, 9209, 70323, 167791, 178900]"
"[112, 483, 4761, 3312]","[13, 30549, 822, 68448, 36218, 148228, 9209, 70323, 167791, 178900]"
"[2897, 4954, 6614, 644]","[13, 30549, 822, 36218, 148228, 9209, 167791, 178900, 70323, 68448]"
"[6845, 5219, 4996, 5844]","[13, 30549, 822, 68448, 36218, 148228, 9209, 70323, 167791, 178900]"
"[1326, 688, 1923, 6978]","[13, 30549, 822, 68448, 148228, 9209, 167791, 178900, 31260, 36218]"
"[4658, 6124, 723, 1606]","[13, 30549, 822, 68448, 148228, 70323, 167791, 178900, 36218, 9209]"
"[1947, 7689, 3312, 5965]","[13, 30549, 822, 68448, 36218, 148228, 9209, 70323, 167791, 178900]"
"[6183, 3016, 1018, 1422]","[13, 30549, 822, 36218, 148228, 9209, 167791, 178900, 68448, 70323]"
"[4537, 1855, 5518, 7808]","[13, 30549, 822, 68448, 36218, 148228, 9209, 70323, 167791, 178900]"
"[7992, 6154, 5897, 5163]","[13, 30549, 822, 68448, 36218, 148228, 9209, 70323, 178900, 167791]"
"[2341, 4287, 68, 7083]","[13, 30549, 822, 68448, 36218, 148228, 9209, 70323, 167791, 178900]"
"[7631, 2023, 6943, 4954]","[13, 30549, 822, 68448, 36218, 148228, 9209, 70323, 167791, 178900]"
"[5139, 3114, 4414, 3109]","[13, 30549, 822, 36218, 148228, 9209, 70323, 167791, 178900, 68448]"
"[3095, 3644, 1855, 3117]","[13, 30549, 822, 68448, 36218, 148228, 9209, 70323, 167791, 178900]"
"[3231, 5730, 5219, 1574]","[13, 30549, 822, 68448, 36218, 148228, 9209, 70323, 167791, 178900]"
"[6974, 3060, 6860, 6669]","[13, 30549, 822, 36218, 148228, 9209, 70323, 167791, 178900, 68448]"
"[5210, 3675, 6398, 6345]","[13, 30549, 822, 68448, 36218, 148228, 9209, 167791, 178900, 31260]"
"[5730, 3461, 1308, 7272]","[13, 30549, 822, 68448, 36218, 148228, 9209, 70323, 167791, 178900]"
"[4784, 4667, 3798, 4889]","[13, 30549, 822, 36218, 148228, 9209, 70323, 167791, 178900, 68448]"
"[2157, 6929, 1881, 4889]","[13, 30549, 822, 68448, 36218, 148228, 9209, 167791, 178900, 70323]"
"[1396, 6845, 7947, 3378]","[13, 30549, 822, 36218, 148228, 9209, 70323, 167791, 178900, 68448]"
"[890, 7992, 1484, 6845]","[13, 30549, 822, 68448, 36218, 148228, 9209, 70323, 167791, 178900]"
"[314, 5571, 2522, 7873]","[13, 30549, 822, 68448, 36218, 9209, 70323, 167791, 178900, 148228]"
"[1028, 7940, 3981, 6649]","[13, 30549, 822, 68448, 36218, 148228, 9209, 70323, 167791, 178900]"
"[118, 7223, 6903, 2477]","[13, 30549, 822, 68448, 36218, 148228, 9209, 167791, 178900, 70323]"
"[5518, 1947, 2854, 5347]","[13, 30549, 822, 68448, 36218, 148228, 9209, 70323, 167791, 178900]"
"[7502, 6940, 7780, 614]","[13, 30549, 822, 68448, 36218, 148228, 9209, 70323, 167791, 178900]"
"[5951, 1368, 3423, 7146]","[13, 30549, 822, 68448, 36218, 148228, 9209, 70323, 167791, 178900]"
"[2480, 5762, 5518, 1012]","[13, 30549, 822, 68448, 36218, 148228, 9209, 70323, 167791, 178900]"
"[5819, 1156, 6510, 1574]","[13, 30549, 822, 36218, 148228, 9209, 70323, 167791, 178900, 68448]"
"[286, 66, 6367, 437]","[13, 30549, 822, 68448, 36218, 148228, 9209, 70323, 167791, 178900]"
"[2187, 5707, 688, 6903]","[13, 30549, 822, 68448, 36218, 148228, 9209, 70323, 178900, 167791]"
"[4761, 6943, 111, 5043]","[13, 30549, 822, 68448, 36218, 148228, 9209, 70323, 167791, 178900]"
"[2951, 688, 7444, 5210]","[13, 30549, 822, 36218, 148228, 9209, 167791, 178900, 68448, 70323]"
"[5170, 2368, 3250, 2634]","[13, 30549, 822, 68448, 36218, 148228, 9209, 70323, 178900, 167791]"
"[6941, 3312, 4293, 6377]","[13, 30549, 822, 68448, 36218, 148228, 9209, 70323, 167791, 178900]"
"[6367, 5455, 1881, 1097]","[13, 30549, 822, 36218, 148228, 9209, 167791, 178900, 68448, 70323]"
"[999, 1281, 5932, 6943]","[13, 30549, 822, 68448, 36218, 148228, 9209, 70323, 167791, 178900]"
"[4756, 1344, 6120, 6154]","[13, 30549, 822, 68448, 36218, 148228, 9209, 70323, 167791, 178900]"
"[6367, 5170, 2023, 5044]","[13, 30549, 822, 68448, 36218, 148228, 9209, 70323, 178900, 167791]"
"[5219, 7780, 5415, 3312]","[13, 30549, 822, 68448, 36218, 148228, 9209, 70323, 167791, 178900]"
"[7892, 2854, 67, 7146]","[13, 30549, 822, 36218, 148228, 9209, 70323, 167791, 178900, 68448]"
"[5455, 6183, 3960, 5819]","[13, 30549, 822, 36218, 148228, 9209, 167791, 178900, 70323, 31260]"
"[4315, 7881, 971, 103]","[13, 30549, 68448, 36218, 148228, 9209, 70323, 167791, 178900, 822]"
"[4102, 5762, 6536, 6861]","[13, 30549, 822, 36218, 148228, 9209, 167791, 178900, 68448, 70323]"
"[5965, 7248, 7414, 1574]","[13, 30549, 822, 68448, 36218, 148228, 9209, 70323, 167791, 178900]"
"[4257, 1422, 7576, 4667]","[13, 30549, 822, 68448, 36218, 148228, 9209, 70323, 167791, 178900]"
"[6194, 111, 290, 2368]","[13, 30549, 822, 68448, 36218, 148228, 9209, 70323, 167791, 178900]"
"[3461, 3919, 7689, 231]","[13, 30549, 822, 36218, 148228, 9209, 70323, 178900, 68448, 167791]"
"[6377, 2950, 231, 2187]","[13, 30549, 822, 68448, 36218, 148228, 9209, 178900, 70323, 167791]"
"[7881, 1553, 3312, 500]","[13, 30549, 68448, 36218, 148228, 9209, 70323, 167791, 178900, 822]"
"[5151, 7721, 7800, 67]","[13, 30549, 822, 36218, 148228, 9209, 167791, 178900, 70323, 68448]"
"[5170, 1512, 6398, 232]","[13, 30549, 822, 68448, 36218, 148228, 9209, 178900, 70323, 167791]"
"[4102, 6988, 3153, 7940]","[13, 30549, 822, 68448, 36218, 148228, 9209, 70323, 167791, 178900]"
"[4035, 1567, 6377, 2854]","[13, 30549, 822, 68448, 36218, 148228, 9209, 70323, 167791, 178900]"
"[3331, 4761, 66, 2943]","[13, 30549, 822, 68448, 36218, 148228, 9209, 70323, 167791, 178900]"
"[2581, 1281, 715, 1666]","[13, 30549, 822, 36218, 148228, 9209, 70323, 167791, 178900, 68448]"
"[5745, 1156, 3677, 4256]","[13, 30549, 822, 68448, 36218, 148228, 9209, 167791, 178900, 70323]"
"[7272, 3548, 5782, 7547]","[13, 30549, 822, 68448, 36218, 148228, 9209, 70323, 167791, 178900]"
"[1326, 6154, 5007, 2013]","[13, 30549, 822, 68448, 148228, 9209, 167791, 178900, 36218, 70323]"
"[1040, 75, 1261, 6851]","[13, 30549, 822, 68448, 36218, 148228, 9209, 167791, 178900, 70323]"
"[3345, 7172, 3443, 7195]","[13, 30549, 822, 36218, 148228, 9209, 70323, 167791, 178900, 68448]"
"[1326, 5897, 3095, 1735]","[13, 30549, 822, 68448, 148228, 9209, 178900, 167791, 36218, 70323]"
"[7014, 3461, 3471, 118]","[13, 30549, 822, 36218, 148228, 9209, 167791, 178900, 70323, 68448]"
"[1340, 7166, 1040, 2886]","[13, 30549, 822, 68448, 36218, 148228, 9209, 167791, 178900, 70323]"
"[6669, 688, 725, 4102]","[13, 30549, 822, 68448, 36218, 148228, 9209, 70323, 167791, 178900]"
"[5094, 4584, 7800, 5163]","[13, 30549, 822, 68448, 36218, 148228, 9209, 70323, 167791, 178900]"
"[1288, 4064, 685, 2913]","[13, 30549, 822, 68448, 36218, 148228, 9209, 70323, 167791, 178900]"
"[3240, 6538, 2408, 2522]","[13, 30549, 822, 68448, 36218, 148228, 9209, 70323, 178900, 167791]"
"[6614, 4021, 5571, 2057]","[13, 30549, 822, 68448, 36218, 148228, 9209, 70323, 167791, 178900]"
"[5382, 4413, 6126, 6536]","[13, 30549, 822, 36218, 148228, 9209, 167791, 178900, 68448, 70323]"
"[5762, 1947, 3818, 3135]","[13, 30549, 822, 68448, 36218, 148228, 9209, 70323, 167791, 178900]"
"[4020, 5791, 1567, 1097]","[13, 30549, 822, 36218, 148228, 9209, 70323, 167791, 178900, 68448]"
"[5518, 1465, 5844, 4414]","[13, 30549, 822, 68448, 36218, 148228, 9209, 70323, 167791, 178900]"
"[6718, 1422, 111, 3234]","[13, 30549, 822, 68448, 36218, 148228, 9209, 178900, 167791, 70323]"
"[4258, 4576, 7502, 7327]","[13, 30549, 822, 68448, 36218, 148228, 9209, 70323, 167791, 178900]"
"[3677, 3117, 1881, 6527]","[13, 30549, 822, 68448, 36218, 148228, 9209, 167791, 178900, 31260]"
"[2581, 5951, 4020, 951]","[13, 30549, 822, 68448, 36218, 148228, 9209, 70323, 167791, 178900]"
"[6929, 3848, 1264, 6483]","[13, 30549, 822, 68448, 36218, 148228, 9209, 70323, 167791, 178900]"
"[4106, 3234, 888, 6028]","[13, 30549, 822, 36218, 148228, 9209, 178900, 68448, 70323, 167791]"
"[1336, 5210, 4877, 2619]","[13, 30549, 822, 36218, 148228, 9209, 167791, 178900, 68448, 70323]"
"[1994, 4074, 3471, 3338]","[13, 30549, 822, 68448, 9209, 70323, 167791, 178900, 36218, 148228]"
"[1018, 2, 4658, 4414]","[13, 30549, 822, 36218, 148228, 9209, 70323, 167791, 178900, 68448]"
"[2195, 6851, 2257, 2335]","[13, 30549, 822, 68448, 36218, 148228, 9209, 167791, 178900, 70323]"
"[5809, 7502, 3338, 4315]","[13, 30549, 822, 68448, 36218, 148228, 9209, 70323, 167791, 178900]"
"[7800, 62, 1422, 6536]","[13, 30549, 822, 36218, 148228, 9209, 167791, 178900, 68448, 70323]"
"[971, 1989, 5518, 1317]","[13, 30549, 822, 68448, 36218, 148228, 9209, 167791, 178900, 70323]"
"[5043, 723, 1602, 3095]","[13, 30549, 822, 68448, 36218, 148228, 70323, 167791, 178900, 9209]"
"[1012, 1288, 3751, 7780]","[13, 30549, 822, 68448, 36218, 148228, 9209, 70323, 167791, 178900]"
"[5239, 1326, 6154, 1097]","[13, 30549, 822, 148228, 9209, 167791, 178900, 68448, 36218, 70323]"
"[5745, 3605, 1298, 4526]","[13, 30549, 822, 68448, 148228, 9209, 70323, 167791, 178900, 36218]"
"[3114, 4940, 7873, 6367]","[13, 30549, 822, 68448, 36218, 9209, 70323, 167791, 178900, 148228]"
"[6386, 2173, 6194, 689]","[13, 30549, 822, 68448, 36218, 148228, 9209, 167791, 178900, 70323]"
"[3914, 692, 3095, 3623]","[13, 30549, 822, 36218, 148228, 9209, 70323, 167791, 178900, 68448]"
"[5109, 66, 4256, 7195]","[13, 30549, 822, 68448, 36218, 148228, 9209, 70323, 167791, 178900]"
"[3677, 5904, 2307, 6930]","[13, 30549, 822, 68448, 36218, 148228, 9209, 167791, 178900, 70323]"
"[1288, 2307, 68, 5745]","[13, 30549, 822, 68448, 36218, 148228, 9209, 70323, 167791, 178900]"
"[920, 5043, 3237, 2408]","[13, 30549, 822, 68448, 36218, 148228, 9209, 70323, 167791, 178900]"
"[2266, 5094, 4954, 555]","[13, 30549, 822, 68448, 36218, 148228, 9209, 70323, 167791, 178900]"
"[6411, 5316, 3471, 2465]","[13, 30549, 822, 148228, 9209, 70323, 167791, 178900, 68448, 36218]"
"[7892, 2901, 788, 2634]","[13, 30549, 822, 36218, 148228, 9209, 70323, 167791, 178900, 68448]"
"[4021, 3117, 4910, 7576]","[13, 30549, 822, 68448, 36218, 148228, 9209, 167791, 178900, 70323]"
"[971, 3095, 1005, 4825]","[13, 30549, 822, 36218, 148228, 9209, 70323, 167791, 178900, 68448]"
"[6367, 7947, 1947, 5201]","[13, 30549, 822, 68448, 36218, 148228, 9209, 70323, 167791, 178900]"
"[4413, 975, 1097, 3237]","[13, 30549, 822, 36218, 148228, 9209, 70323, 167791, 178900, 68448]"
"[2062, 6154, 4293, 1855]","[13, 30549, 822, 68448, 36218, 148228, 9209, 70323, 167791, 178900]"
"[1651, 2854, 437, 2480]","[13, 30549, 68448, 36218, 148228, 9209, 70323, 167791, 178900, 822]"
"[3471, 3598, 4555, 6661]","[13, 30549, 822, 68448, 36218, 148228, 9209, 70323, 167791, 178900]"
"[1224, 2187, 3548, 2951]","[13, 30549, 822, 68448, 36218, 148228, 9209, 70323, 178900, 167791]"
"[5791, 7327, 1308, 5996]","[13, 30549, 822, 68448, 36218, 148228, 9209, 70323, 167791, 178900]"
"[4663, 3928, 7689, 1097]","[13, 30549, 36218, 148228, 9209, 70323, 167791, 178900, 822, 68448]"
"[3331, 6849, 1097, 4258]","[13, 30549, 822, 36218, 148228, 9209, 70323, 167791, 178900, 68448]"
"[5316, 750, 6483, 1923]","[13, 30549, 822, 36218, 148228, 9209, 167791, 178900, 70323, 68448]"
"[6510, 2266, 3548, 1040]","[13, 30549, 822, 68448, 36218, 148228, 9209, 167791, 178900, 70323]"
"[68, 4484, 4113, 971]","[13, 30549, 822, 68448, 36218, 148228, 9209, 70323, 167791, 178900]"
"[689, 2619, 3095, 5347]","[13, 30549, 822, 36218, 148228, 9209, 70323, 167791, 178900, 68448]"
"[5571, 1422, 6941, 6718]","[13, 30549, 822, 68448, 36218, 148228, 9209, 167791, 178900, 70323]"
"[6849, 750, 460, 1279]","[13, 30549, 822, 68448, 36218, 148228, 9209, 70323, 167791, 178900]"
"[5169, 3605, 1666, 7547]","[13, 30549, 822, 36218, 148228, 9209, 70323, 178900, 68448, 167791]"
"[3623, 4025, 231, 3443]","[13, 30549, 822, 68448, 36218, 148228, 9209, 70323, 167791, 178900]"
"[6527, 4526, 5791, 3034]","[13, 30549, 822, 68448, 148228, 9209, 70323, 167791, 178900, 36218]"
"[6377, 6367, 6978, 1855]","[13, 30549, 822, 68448, 148228, 9209, 70323, 167791, 178900, 36218]"
"[7800, 4584, 4098, 5224]","[13, 30549, 822, 68448, 36218, 148228, 9209, 70323, 167791, 178900]"
"[4555, 1567, 5224, 5951]","[13, 30549, 822, 68448, 36218, 148228, 9209, 70323, 167791, 178900]"
"[4064, 6889, 2157, 7223]","[13, 30549, 822, 68448, 36218, 148228, 9209, 70323, 167791, 178900]"
"[7881, 1288, 3138, 5785]","[13, 30549, 68448, 36218, 148228, 9209, 70323, 167791, 178900, 31260]"
"[5819, 1994, 3423, 1602]","[13, 30549, 822, 36218, 148228, 9209, 70323, 167791, 178900, 68448]"
"[6943, 3357, 2341, 4537]","[13, 30549, 822, 68448, 36218, 148228, 9209, 70323, 167791, 178900]"
"[750, 4537, 5762, 2187]","[13, 30549, 822, 68448, 36218, 148228, 9209, 70323, 178900, 167791]"
"[42, 3889, 1261, 2187]","[13, 30549, 822, 68448, 36218, 148228, 9209, 70323, 178900, 167791]"
"[7146, 3138, 6183, 2195]","[13, 30549, 822, 68448, 36218, 148228, 9209, 167791, 178900, 70323]"
"[920, 286, 1340, 4293]","[13, 30549, 822, 68448, 36218, 148228, 9209, 70323, 167791, 178900]"
"[7272, 2354, 1344, 688]","[13, 30549, 822, 68448, 36218, 148228, 9209, 70323, 167791, 178900]"
"[5951, 4367, 3960, 3206]","[13, 30549, 822, 36218, 148228, 9209, 70323, 167791, 178900, 68448]"
"[6221, 1336, 5809, 3623]","[13, 30549, 822, 68448, 36218, 148228, 9209, 70323, 167791, 178900]"
"[5094, 975, 2354, 723]","[13, 30549, 822, 68448, 36218, 148228, 70323, 167791, 178900, 9209]"
"[6903, 2718, 3616, 2187]","[13, 30549, 822, 68448, 36218, 148228, 9209, 70323, 178900, 167791]"
"[5347, 2195, 1264, 3060]","[13, 30549, 822, 68448, 36218, 148228, 9209, 167791, 178900, 70323]"
"[6194, 2285, 5730, 5382]","[13, 30549, 822, 68448, 36218, 148228, 9209, 70323, 167791, 178900]"
"[213, 6842, 5904, 1097]","[13, 30549, 822, 36218, 148228, 9209, 70323, 167791, 178900, 68448]"
"[658, 3981, 1947, 7800]","[13, 30549, 822, 68448, 36218, 148228, 9209, 70323, 167791, 178900]"
"[3593, 1308, 5762, 5415]","[13, 30549, 822, 68448, 36218, 148228, 9209, 70323, 167791, 178900]"
"[231, 7502, 6345, 3914]","[13, 30549, 822, 36218, 148228, 9209, 70323, 167791, 178900, 68448]"
"[4155, 2522, 4576, 3357]","[13, 30549, 68448, 36218, 148228, 9209, 70323, 167791, 178900, 822]"
"[3461, 975, 4773, 4872]","[13, 30549, 822, 68448, 36218, 148228, 9209, 70323, 167791, 178900]"
"[723, 6398, 1855, 4293]","[13, 30549, 822, 68448, 36218, 148228, 167791, 178900, 70323, 9209]"
"[4256, 5163, 1735, 4940]","[13, 30549, 822, 68448, 36218, 148228, 9209, 70323, 167791, 178900]"
"[2480, 3501, 5844, 483]","[13, 30549, 822, 36218, 148228, 9209, 70323, 167791, 68448, 178900]"
"[7721, 7195, 5996, 6386]","[13, 30549, 822, 36218, 148228, 9209, 70323, 167791, 178900, 68448]"
"[1308, 685, 1264, 1326]","[13, 30549, 822, 68448, 148228, 9209, 167791, 178900, 36218, 70323]"
"[3423, 6930, 698, 4940]","[13, 30549, 822, 68448, 36218, 148228, 9209, 70323, 167791, 178900]"
"[2, 688, 1666, 5932]","[13, 30549, 822, 36218, 148228, 9209, 70323, 167791, 178900, 68448]"
"[750, 437, 7979, 1020]","[13, 30549, 822, 68448, 36218, 148228, 9209, 70323, 167791, 178900]"
"[2913, 5809, 7721, 4020]","[13, 30549, 822, 36218, 148228, 9209, 70323, 167791, 178900, 68448]"
"[7104, 1281, 3338, 5785]","[13, 30549, 68448, 36218, 148228, 9209, 70323, 167791, 178900, 822]"
"[689, 974, 5809, 7014]","[13, 30549, 822, 36218, 148228, 9209, 70323, 167791, 178900, 68448]"
"[1261, 500, 6779, 7223]","[13, 30549, 822, 68448, 36218, 148228, 9209, 70323, 167791, 178900]"
"[6411, 5809, 2581, 3751]","[13, 30549, 822, 68448, 36218, 148228, 9209, 70323, 167791, 178900]"
"[4025, 974, 5219, 2465]","[13, 30549, 822, 68448, 148228, 9209, 70323, 167791, 178900, 36218]"
"[951, 4825, 4102, 6763]","[13, 30549, 822, 36218, 148228, 9209, 70323, 167791, 178900, 68448]"
"[213, 4020, 7979, 6154]","[13, 30549, 822, 68448, 36218, 148228, 9209, 70323, 167791, 178900]"
"[112, 3848, 6929, 6830]","[13, 30549, 822, 68448, 36218, 148228, 9209, 70323, 167791, 178900]"
"[1018, 3231, 103, 5170]","[13, 30549, 822, 36218, 148228, 9209, 70323, 178900, 167791, 68448]"
"[7808, 6126, 1855, 2057]","[13, 30549, 822, 68448, 36218, 148228, 9209, 70323, 167791, 178900]"
"[2854, 4074, 7816, 2156]","[13, 30549, 822, 68448, 9209, 167791, 178900, 36218, 148228, 70323]"
"[1816, 5965, 3331, 7414]","[13, 30549, 68448, 36218, 148228, 9209, 70323, 167791, 178900, 822]"
"[2886, 6779, 2951, 2307]","[13, 30549, 822, 68448, 36218, 148228, 9209, 70323, 167791, 178900]"
"[5139, 6221, 4584, 6779]","[13, 30549, 822, 68448, 36218, 148228, 9209, 70323, 167791, 178900]"
"[3114, 3880, 3109, 5397]","[13, 30549, 36218, 148228, 9209, 70323, 178900, 822, 68448, 167791]"
"[1538, 2335, 1454, 62]","[13, 30549, 822, 68448, 36218, 148228, 9209, 70323, 167791, 178900]"
"[1368, 1219, 3231, 1454]","[13, 30549, 822, 68448, 36218, 148228, 9209, 70323, 167791, 178900]"
"[6930, 2634, 5844, 6612]","[13, 30549, 822, 68448, 36218, 148228, 9209, 70323, 167791, 178900]"
"[1012, 5951, 42, 6649]","[13, 30549, 822, 68448, 36218, 148228, 9209, 70323, 167791, 178900]"
"[5869, 5239, 7947, 6779]","[13, 30549, 822, 68448, 36218, 148228, 9209, 70323, 167791, 178900]"
"[1816, 3576, 1512, 3034]","[13, 30549, 68448, 36218, 148228, 9209, 70323, 167791, 178900, 822]"
"[5903, 1904, 1396, 4021]","[13, 30549, 822, 68448, 36218, 148228, 9209, 70323, 167791, 178900]"
"[3675, 2231, 6625, 3504]","[13, 30549, 822, 68448, 36218, 148228, 9209, 70323, 167791, 178900]"
"[1340, 6903, 7248, 1567]","[13, 30549, 822, 68448, 36218, 148228, 9209, 70323, 167791, 178900]"
"[971, 5035, 5397, 4872]","[13, 30549, 68448, 36218, 148228, 9209, 70323, 178900, 822, 167791]"
"[2335, 5163, 3600, 1651]","[13, 30549, 68448, 36218, 148228, 9209, 70323, 167791, 178900, 822]"
"[7873, 6623, 725, 2187]","[13, 30549, 822, 68448, 36218, 9209, 70323, 178900, 167791, 148228]"
"[5738, 4113, 4315, 2581]","[13, 30549, 68448, 148228, 9209, 70323, 167791, 178900, 822, 36218]"
"[5219, 3034, 4359, 5094]","[13, 30549, 822, 68448, 36218, 148228, 9209, 167791, 178900, 70323]"
"[2368, 5316, 2307, 3117]","[13, 30549, 822, 36218, 148228, 9209, 70323, 167791, 178900, 68448]"
"[5844, 7856, 5043, 5730]","[13, 30549, 822, 68448, 36218, 148228, 9209, 70323, 167791, 178900]"
"[1336, 5904, 3848, 500]","[13, 30549, 822, 68448, 36218, 148228, 9209, 70323, 167791, 178900]"
"[7083, 7576, 2057, 3598]","[13, 30549, 822, 68448, 36218, 148228, 9209, 70323, 167791, 178900]"
"[5316, 1512, 5351, 6154]","[13, 30549, 822, 36218, 148228, 9209, 70323, 167791, 178900, 68448]"
"[7631, 7414, 5170, 3751]","[13, 30549, 822, 68448, 36218, 148228, 9209, 70323, 178900, 167791]"
"[2111, 5455, 4970, 7195]","[13, 30549, 822, 68448, 148228, 9209, 70323, 167791, 178900, 36218]"
"[5546, 2368, 6538, 7272]","[13, 30549, 822, 68448, 36218, 148228, 9209, 70323, 178900, 167791]"
"[6536, 7444, 2077, 5111]","[13, 30549, 36218, 148228, 9209, 167791, 178900, 822, 31260, 70323]"
"[4877, 6842, 4940, 2408]","[13, 30549, 822, 68448, 36218, 148228, 9209, 70323, 167791, 178900]"
"[7547, 3331, 4155, 4526]","[13, 30549, 68448, 148228, 9209, 70323, 167791, 178900, 822, 36218]"
"[6411, 1279, 2, 6831]","[13, 30549, 822, 68448, 36218, 148228, 9209, 70323, 167791, 178900]"
"[213, 7050, 1281, 316]","[13, 30549, 68448, 36218, 148228, 9209, 167791, 178900, 822, 70323]"
"[6183, 7166, 3798, 1553]","[13, 30549, 822, 68448, 36218, 148228, 9209, 167791, 178900, 70323]"
"[3616, 232, 4359, 2157]","[13, 30549, 822, 68448, 36218, 148228, 9209, 167791, 178900, 70323]"
"[3312, 7979, 2111, 6851]","[13, 30549, 822, 68448, 148228, 9209, 70323, 167791, 36218, 178900]"
"[1881, 3299, 4584, 2465]","[13, 30549, 822, 68448, 148228, 9209, 167791, 178900, 36218, 70323]"
"[1771, 3114, 685, 3331]","[13, 30549, 822, 68448, 36218, 148228, 9209, 70323, 167791, 178900]"
"[290, 4106, 3675, 2591]","[13, 30549, 822, 68448, 36218, 148228, 9209, 70323, 167791, 178900]"
"[3600, 7808, 3109, 1947]","[13, 30549, 822, 36218, 148228, 9209, 70323, 167791, 178900, 68448]"
"[75, 2414, 4074, 5951]","[13, 30549, 822, 68448, 9209, 70323, 167791, 178900, 36218, 148228]"
"[5819, 7145, 7327, 3338]","[13, 30549, 822, 36218, 148228, 9209, 70323, 167791, 178900, 68448]"
"[3919, 2354, 614, 5782]","[13, 30549, 822, 36218, 148228, 9209, 70323, 178900, 68448, 167791]"
"[6849, 67, 111, 5382]","[13, 30549, 822, 36218, 148228, 9209, 70323, 167791, 178900, 68448]"
"[3083, 111, 5897, 7166]","[13, 30549, 822, 68448, 36218, 148228, 9209, 70323, 178900, 167791]"
"[3914, 4315, 7891, 7195]","[13, 30549, 822, 36218, 148228, 9209, 70323, 167791, 178900, 68448]"
"[7780, 5897, 3250, 2522]","[13, 30549, 822, 68448, 36218, 148228, 9209, 70323, 178900, 167791]"
"[6398, 1340, 6940, 2266]","[13, 30549, 822, 68448, 36218, 148228, 9209, 167791, 178900, 70323]"
"[5351, 2414, 3623, 6398]","[13, 30549, 822, 68448, 36218, 148228, 9209, 167791, 178900, 70323]"
"[4258, 3395, 7014, 1606]","[13, 30549, 822, 36218, 148228, 9209, 70323, 167791, 178900, 68448]"
"[688, 4877, 7255, 1989]","[13, 30549, 822, 36218, 148228, 9209, 70323, 167791, 178900, 68448]"
"[2901, 2062, 552, 5210]","[13, 30549, 822, 68448, 36218, 148228, 9209, 167791, 178900, 70323]"
"[7631, 4761, 3960, 6779]","[13, 30549, 822, 36218, 148228, 9209, 70323, 167791, 178900, 68448]"
"[3357, 2307, 6718, 3331]","[13, 30549, 822, 68448, 36218, 148228, 9209, 167791, 178900, 70323]"
"[2930, 1666, 3231, 6384]","[13, 30549, 822, 36218, 148228, 9209, 70323, 167791, 178900, 68448]"
"[1816, 7502, 6929, 6547]","[13, 30549, 68448, 36218, 148228, 9209, 70323, 167791, 178900, 822]"
"[5785, 231, 888, 5397]","[13, 30549, 36218, 148228, 9209, 70323, 178900, 68448, 167791, 31260]"
"[6120, 6831, 7560, 6527]","[13, 30549, 822, 68448, 148228, 9209, 70323, 167791, 178900, 36218]"
"[5210, 3818, 6536, 1771]","[13, 30549, 822, 36218, 148228, 9209, 167791, 178900, 68448, 31260]"
"[7892, 552, 2335, 1535]","[13, 30549, 822, 68448, 36218, 148228, 9209, 70323, 167791, 178900]"
"[6291, 3095, 7858, 6889]","[13, 30549, 822, 68448, 36218, 148228, 9209, 70323, 167791, 178900]"
"[2591, 6221, 1574, 3644]","[13, 30549, 822, 68448, 36218, 148228, 9209, 70323, 167791, 178900]"
"[5007, 3083, 7166, 7150]","[13, 30549, 822, 68448, 36218, 148228, 9209, 70323, 167791, 178900]"
"[1947, 1040, 3016, 6661]","[13, 30549, 822, 68448, 36218, 148228, 9209, 167791, 178900, 70323]"
"[2231, 4359, 7255, 7631]","[13, 30549, 822, 36218, 148228, 9209, 167791, 178900, 68448, 70323]"
"[7195, 5730, 6547, 7873]","[13, 30549, 822, 68448, 36218, 9209, 70323, 167791, 178900, 148228]"
"[1261, 3237, 314, 3751]","[13, 30549, 822, 68448, 36218, 148228, 9209, 70323, 167791, 178900]"
"[2023, 5844, 3461, 2480]","[13, 30549, 822, 68448, 36218, 148228, 9209, 70323, 167791, 178900]"
"[5169, 5951, 5571, 496]","[13, 30549, 822, 36218, 148228, 9209, 70323, 178900, 68448, 167791]"
"[3117, 1308, 6829, 7272]","[13, 30549, 822, 68448, 36218, 148228, 9209, 70323, 167791, 178900]"
"[2989, 4113, 1020, 5869]","[13, 30549, 822, 68448, 36218, 148228, 9209, 70323, 167791, 178900]"
"[555, 2897, 1422, 1344]","[13, 30549, 822, 36218, 148228, 9209, 70323, 167791, 178900, 68448]"
"[5382, 5738, 2231, 6725]","[13, 30549, 68448, 148228, 9209, 70323, 167791, 178900, 822, 36218]"
"[3818, 5603, 3471, 6763]","[13, 30549, 822, 68448, 36218, 148228, 9209, 70323, 167791, 178900]"
"[6903, 7780, 689, 7050]","[13, 30549, 68448, 36218, 148228, 9209, 167791, 178900, 822, 70323]"
"[3206, 3423, 5415, 2307]","[13, 30549, 822, 68448, 36218, 148228, 9209, 70323, 167791, 178900]"
"[6988, 3423, 5782, 2477]","[13, 30549, 822, 68448, 36218, 148228, 9209, 70323, 167791, 178900]"
"[1947, 3576, 3060, 7547]","[13, 30549, 822, 68448, 36218, 148228, 9209, 70323, 167791, 178900]"
"[5351, 974, 5546, 75]","[13, 30549, 822, 68448, 36218, 148228, 9209, 70323, 167791, 178900]"
"[122, 3443, 692, 2901]","[13, 30549, 822, 68448, 36218, 148228, 9209, 70323, 167791, 178900]"
"[1994, 1567, 7919, 6669]","[13, 30549, 822, 68448, 36218, 148228, 9209, 167791, 178900, 70323]"
"[7940, 3237, 3623, 68]","[13, 30549, 822, 68448, 36218, 148228, 9209, 70323, 167791, 178900]"
"[75, 6159, 685, 4650]","[13, 30549, 822, 68448, 36218, 148228, 9209, 70323, 167791, 178900]"
"[6930, 552, 1210, 6860]","[13, 30549, 822, 68448, 36218, 148228, 9209, 70323, 167791, 178900]"
"[2341, 4376, 4102, 5415]","[13, 30549, 822, 68448, 36218, 148228, 9209, 70323, 167791, 178900]"
"[4784, 437, 5693, 5397]","[13, 30549, 36218, 148228, 9209, 70323, 178900, 822, 167791, 68448]"
"[3501, 5111, 122, 5996]","[13, 30549, 822, 36218, 148228, 9209, 70323, 167791, 178900, 68448]"
"[4773, 5869, 5738, 5455]","[13, 30549, 68448, 148228, 9209, 70323, 167791, 178900, 822, 36218]"
"[7255, 4106, 715, 500]","[13, 30549, 822, 36218, 148228, 9209, 70323, 167791, 178900, 68448]"
"[6978, 5151, 4413, 7919]","[13, 30549, 822, 68448, 148228, 9209, 167791, 178900, 31260, 36218]"
"[3345, 290, 4832, 6821]","[13, 30549, 822, 36218, 148228, 9209, 70323, 167791, 178900, 68448]"
"[7223, 7327, 7560, 5965]","[13, 30549, 822, 68448, 148228, 9209, 70323, 167791, 178900, 36218]"
"[6861, 6221, 5518, 5745]","[13, 30549, 822, 68448, 36218, 148228, 9209, 70323, 167791, 178900]"
"[4526, 2285, 3331, 6154]","[13, 30549, 822, 68448, 148228, 9209, 70323, 167791, 178900, 36218]"
"[6625, 232, 6988, 1326]","[13, 30549, 822, 68448, 148228, 9209, 167791, 178900, 36218, 70323]"
"[3593, 6291, 7050, 500]","[13, 30549, 68448, 36218, 148228, 9209, 167791, 178900, 822, 70323]"
"[6159, 5316, 3818, 6625]","[13, 30549, 822, 36218, 148228, 9209, 70323, 167791, 178900, 68448]"
"[1288, 3312, 3981, 6538]","[13, 30549, 822, 68448, 36218, 148228, 9209, 70323, 178900, 167791]"
"[2864, 5782, 2897, 7104]","[13, 30549, 822, 36218, 148228, 9209, 70323, 167791, 178900, 68448]"
"[7327, 7083, 286, 3751]","[13, 30549, 822, 68448, 36218, 148228, 9209, 70323, 167791, 178900]"
"[2187, 1279, 1317, 7892]","[13, 30549, 822, 68448, 36218, 148228, 9209, 178900, 70323, 167791]"
"[4021, 1156, 2195, 5951]","[13, 30549, 822, 68448, 36218, 148228, 9209, 167791, 178900, 70323]"
"[6547, 552, 2901, 951]","[13, 30549, 822, 68448, 36218, 148228, 9209, 70323, 167791, 178900]"
"[231, 1317, 314, 5897]","[13, 30549, 822, 68448, 36218, 148228, 9209, 178900, 70323, 167791]"
"[6889, 4658, 7248, 3751]","[13, 30549, 822, 68448, 36218, 148228, 9209, 70323, 167791, 178900]"
"[7172, 3501, 2591, 122]","[13, 30549, 822, 36218, 148228, 9209, 70323, 167791, 178900, 68448]"
"[846, 3060, 6845, 6384]","[13, 30549, 822, 36218, 148228, 9209, 70323, 167791, 178900, 68448]"
"[6384, 3331, 5693, 6167]","[13, 30549, 822, 36218, 148228, 9209, 70323, 167791, 178900, 68448]"
"[3826, 5844, 4315, 2951]","[13, 30549, 822, 68448, 9209, 70323, 167791, 178900, 36218, 148228]"
"[1368, 4555, 2057, 1261]","[13, 30549, 822, 68448, 36218, 148228, 9209, 70323, 167791, 178900]"
"[5239, 7816, 2307, 689]","[13, 30549, 822, 68448, 36218, 148228, 9209, 70323, 167791, 178900]"
"[6538, 2591, 6445, 1881]","[13, 30549, 822, 68448, 36218, 148228, 9209, 178900, 70323, 167791]"
"[3426, 67, 1994, 5201]","[13, 30549, 822, 36218, 148228, 9209, 167791, 178900, 68448, 70323]"
"[4113, 3623, 4218, 6845]","[13, 30549, 822, 68448, 36218, 148228, 9209, 70323, 167791, 178900]"
"[4293, 314, 715, 6612]","[13, 30549, 822, 68448, 36218, 148228, 9209, 70323, 167791, 178900]"
"[118, 6845, 6940, 1904]","[13, 30549, 822, 68448, 36218, 148228, 9209, 167791, 178900, 70323]"
"[6929, 6536, 6345, 3848]","[13, 30549, 822, 36218, 148228, 9209, 167791, 178900, 68448, 70323]"
"[5730, 1994, 7560, 3240]","[13, 30549, 822, 68448, 148228, 9209, 70323, 167791, 178900, 36218]"
"[3357, 6124, 4376, 5844]","[13, 30549, 822, 68448, 148228, 9209, 70323, 167791, 178900, 36218]"
"[231, 3234, 6183, 698]","[13, 30549, 822, 68448, 36218, 148228, 9209, 178900, 70323, 167791]"
"[6194, 5707, 4617, 7780]","[13, 30549, 822, 68448, 36218, 148228, 9209, 70323, 167791, 178900]"
"[7150, 4825, 2593, 951]","[13, 30549, 822, 36218, 148228, 9209, 70323, 167791, 178900, 68448]"
"[3016, 6974, 5035, 4944]","[13, 30549, 822, 36218, 148228, 9209, 70323, 167791, 178900, 68448]"
"[1904, 5897, 2077, 4273]","[13, 30549, 68448, 36218, 148228, 9209, 70323, 178900, 822, 167791]"
"[5693, 4617, 4761, 496]","[13, 30549, 822, 36218, 148228, 9209, 70323, 167791, 178900, 68448]"
"[6124, 5347, 4832, 4674]","[13, 30549, 822, 68448, 148228, 9209, 70323, 167791, 178900, 36218]"
"[5762, 1855, 66, 2936]","[13, 30549, 822, 68448, 36218, 148228, 9209, 70323, 167791, 178900]"
"[6718, 7856, 1673, 7940]","[13, 30549, 822, 68448, 36218, 148228, 9209, 178900, 167791, 31260]"
"[6154, 2901, 4773, 3345]","[13, 30549, 822, 36218, 148228, 9209, 70323, 167791, 178900, 68448]"
"[5210, 5170, 6978, 6940]","[13, 30549, 822, 68448, 148228, 9209, 178900, 36218, 167791, 31260]"
"[2901, 4155, 5707, 7808]","[13, 30549, 68448, 36218, 148228, 9209, 70323, 167791, 178900, 822]"
"[5094, 5163, 2913, 5035]","[13, 30549, 822, 68448, 36218, 148228, 9209, 70323, 167791, 178900]"
"[231, 4021, 5869, 5139]","[13, 30549, 822, 68448, 36218, 148228, 9209, 70323, 167791, 178900]"
"[5094, 7800, 7892, 460]","[13, 30549, 822, 68448, 36218, 148228, 9209, 70323, 167791, 178900]"
"[5044, 2864, 7248, 5571]","[13, 30549, 822, 68448, 36218, 148228, 9209, 70323, 178900, 167791]"
"[1005, 6547, 3395, 2354]","[13, 30549, 822, 68448, 36218, 148228, 9209, 70323, 167791, 178900]"
"[5809, 4064, 4414, 1735]","[13, 30549, 822, 68448, 36218, 148228, 9209, 70323, 167791, 178900]"
"[1538, 6930, 460, 1989]","[13, 30549, 822, 68448, 36218, 148228, 9209, 70323, 167791, 178900]"
"[3426, 1816, 1317, 1326]","[13, 30549, 68448, 148228, 9209, 167791, 178900, 31260, 822, 36218]"
"[7150, 2591, 103, 1018]","[13, 30549, 822, 36218, 148228, 9209, 70323, 167791, 178900, 68448]"
"[5382, 6291, 6649, 3426]","[13, 30549, 822, 68448, 36218, 148228, 9209, 167791, 178900, 70323]"
"[7873, 6940, 5707, 552]","[13, 30549, 822, 68448, 36218, 9209, 70323, 167791, 178900, 148228]"
"[7858, 5782, 3138, 6126]","[13, 30549, 822, 68448, 36218, 148228, 9209, 70323, 167791, 178900]"
"[6612, 6851, 6124, 7150]","[13, 30549, 822, 68448, 148228, 9209, 70323, 167791, 178900, 36218]"
"[4258, 6779, 4257, 4155]","[13, 30549, 68448, 36218, 148228, 9209, 70323, 167791, 178900, 822]"
"[6411, 5151, 2062, 5809]","[13, 30549, 822, 68448, 36218, 148228, 9209, 167791, 178900, 70323]"
"[6483, 5163, 3231, 2913]","[13, 30549, 822, 68448, 36218, 148228, 9209, 70323, 167791, 178900]"
"[3889, 2593, 4996, 5762]","[13, 30549, 822, 68448, 36218, 148228, 9209, 70323, 167791, 178900]"
"[807, 290, 2266, 7272]","[13, 30549, 822, 68448, 36218, 148228, 9209, 167791, 178900, 70323]"
"[6851, 500, 5239, 1422]","[13, 30549, 822, 68448, 36218, 148228, 9209, 70323, 167791, 178900]"
"[6974, 4315, 890, 111]","[13, 30549, 822, 36218, 148228, 9209, 70323, 167791, 178900, 68448]"
"[5163, 1317, 5043, 7444]","[13, 30549, 822, 36218, 148228, 9209, 167791, 178900, 68448, 70323]"
"[286, 5844, 1018, 3312]","[13, 30549, 822, 36218, 148228, 9209, 70323, 167791, 178900, 68448]"
"[614, 118, 6988, 3461]","[13, 30549, 822, 68448, 36218, 148228, 9209, 167791, 178900, 70323]"
"[6779, 4257, 4580, 6851]","[13, 30549, 822, 68448, 36218, 148228, 9209, 70323, 167791, 178900]"
"[1261, 7195, 3756, 3616]","[13, 30549, 822, 68448, 36218, 148228, 9209, 70323, 167791, 178900]"
"[2335, 2408, 5745, 6940]","[13, 30549, 822, 68448, 36218, 148228, 9209, 70323, 167791, 178900]"
"[1904, 4064, 437, 6974]","[13, 30549, 822, 36218, 148228, 9209, 70323, 167791, 178900, 68448]"
"[316, 6527, 689, 6940]","[13, 30549, 822, 68448, 36218, 148228, 9209, 70323, 167791, 178900]"
"[807, 4484, 384, 6861]","[13, 30549, 822, 68448, 36218, 148228, 9209, 167791, 178900, 70323]"
"[4074, 5809, 2886, 4020]","[13, 30549, 822, 68448, 9209, 70323, 167791, 178900, 36218, 148228]"
"[232, 1288, 6860, 2368]","[13, 30549, 822, 68448, 36218, 148228, 9209, 70323, 167791, 178900]"
"[460, 3299, 5738, 725]","[13, 30549, 68448, 148228, 9209, 70323, 167791, 178900, 822, 36218]"
"[5224, 4825, 3117, 3312]","[13, 30549, 822, 36218, 148228, 9209, 70323, 167791, 178900, 68448]"
"[1368, 4074, 3598, 6669]","[13, 30549, 822, 68448, 9209, 70323, 167791, 178900, 36218, 148228]"
"[460, 6398, 1028, 1164]","[13, 30549, 822, 68448, 36218, 148228, 9209, 167791, 178900, 70323]"
"[7947, 1535, 7560, 6831]","[13, 30549, 822, 68448, 148228, 9209, 70323, 167791, 178900, 36218]"
"[3114, 715, 4526, 5347]","[13, 30549, 822, 68448, 148228, 9209, 70323, 167791, 178900, 36218]"
"[6154, 2414, 4484, 4555]","[13, 30549, 822, 68448, 36218, 148228, 9209, 70323, 167791, 178900]"
"[4315, 4555, 5996, 7195]","[13, 30549, 822, 68448, 36218, 148228, 9209, 70323, 167791, 178900]"
"[2864, 7940, 7279, 7166]","[13, 30549, 822, 68448, 36218, 148228, 9209, 70323, 167791, 178900]"
"[62, 4484, 3395, 4617]","[13, 30549, 822, 68448, 36218, 148228, 9209, 70323, 167791, 178900]"
"[685, 1947, 7873, 4954]","[13, 30549, 822, 68448, 36218, 9209, 70323, 167791, 178900, 148228]"
"[7414, 7881, 2140, 5996]","[13, 30549, 68448, 36218, 148228, 9209, 70323, 167791, 178900, 822]"
"[1018, 4889, 5415, 750]","[13, 30549, 822, 36218, 148228, 9209, 70323, 167791, 178900, 68448]"
"[4677, 1666, 4617, 2989]","[13, 30549, 822, 36218, 148228, 9209, 70323, 167791, 178900, 68448]"
"[2187, 4102, 122, 7856]","[13, 30549, 822, 68448, 36218, 148228, 9209, 70323, 178900, 167791]"
"[5239, 689, 2057, 2015]","[13, 30549, 822, 68448, 36218, 148228, 9209, 70323, 167791, 178900]"
"[2062, 1574, 2943, 920]","[13, 30549, 822, 68448, 36218, 148228, 9209, 70323, 167791, 178900]"
"[62, 5965, 6623, 3345]","[13, 30549, 822, 36218, 148228, 9209, 70323, 167791, 178900, 68448]"
"[4537, 2173, 483, 7891]","[13, 30549, 822, 68448, 36218, 148228, 9209, 167791, 178900, 70323]"
"[2368, 6943, 4940, 231]","[13, 30549, 822, 68448, 36218, 148228, 9209, 70323, 167791, 178900]"
"[6398, 6845, 3331, 7891]","[13, 30549, 822, 68448, 36218, 148228, 9209, 167791, 178900, 70323]"
"[3981, 5109, 6974, 1308]","[13, 30549, 822, 36218, 148228, 9209, 70323, 167791, 178900, 68448]"
"[7816, 3060, 5932, 2443]","[13, 30549, 822, 68448, 36218, 148228, 9209, 70323, 167791, 178900]"
"[846, 4576, 1989, 4555]","[13, 30549, 822, 68448, 36218, 148228, 9209, 70323, 167791, 178900]"
"[4756, 3138, 1264, 2443]","[13, 30549, 822, 68448, 36218, 148228, 9209, 70323, 167791, 178900]"
"[6974, 4293, 6930, 5738]","[13, 30549, 148228, 9209, 70323, 167791, 178900, 822, 36218, 68448]"
"[5170, 2943, 4021, 4074]","[13, 30549, 822, 68448, 9209, 70323, 178900, 36218, 148228, 167791]"
"[3919, 6411, 3423, 4287]","[13, 30549, 822, 36218, 148228, 9209, 70323, 178900, 68448, 167791]"
"[3644, 2140, 1565, 4663]","[13, 30549, 822, 68448, 36218, 148228, 9209, 70323, 167791, 178900]"
"[2897, 4315, 6978, 6194]","[13, 30549, 822, 148228, 9209, 70323, 167791, 178900, 36218, 68448]"
"[698, 2936, 4872, 500]","[13, 30549, 822, 68448, 36218, 148228, 9209, 70323, 167791, 178900]"
"[4414, 3083, 1465, 4773]","[13, 30549, 822, 68448, 36218, 148228, 9209, 70323, 167791, 178900]"
"[4756, 7547, 3312, 5109]","[13, 30549, 822, 68448, 36218, 148228, 9209, 70323, 167791, 178900]"
"[6183, 6124, 6929, 951]","[13, 30549, 822, 68448, 148228, 9209, 167791, 178900, 36218, 70323]"
"[7145, 4218, 6718, 496]","[13, 30549, 822, 36218, 148228, 9209, 167791, 178900, 68448, 70323]"
"[1344, 2257, 6718, 3593]","[13, 30549, 822, 68448, 36218, 148228, 9209, 167791, 178900, 70323]"
"[3919, 3644, 4667, 7172]","[13, 30549, 822, 36218, 148228, 9209, 70323, 178900, 68448, 167791]"
"[437, 6291, 6442, 5044]","[13, 30549, 822, 68448, 36218, 148228, 9209, 70323, 178900, 167791]"
"[2111, 4414, 4756, 3504]","[13, 30549, 822, 68448, 148228, 9209, 70323, 167791, 178900, 36218]"
"[2157, 5903, 6842, 1574]","[13, 30549, 822, 68448, 36218, 148228, 9209, 70323, 167791, 178900]"
"[2410, 7919, 231, 1005]","[13, 30549, 822, 68448, 36218, 148228, 9209, 167791, 178900, 70323]"
"[4098, 2951, 4877, 975]","[13, 30549, 822, 68448, 36218, 148228, 9209, 70323, 167791, 178900]"
"[1565, 7444, 3548, 437]","[13, 30549, 822, 36218, 148228, 9209, 70323, 167791, 178900, 68448]"
"[4155, 888, 6821, 658]","[13, 30549, 36218, 148228, 9209, 70323, 167791, 178900, 68448, 822]"
"[685, 7892, 4970, 1340]","[13, 30549, 822, 68448, 36218, 148228, 9209, 70323, 167791, 178900]"
"[1454, 7502, 5571, 1666]","[13, 30549, 822, 36218, 148228, 9209, 70323, 167791, 178900, 68448]"
"[3576, 6612, 552, 3826]","[13, 30549, 822, 68448, 9209, 70323, 167791, 178900, 36218, 148228]"
"[4102, 1565, 3461, 5151]","[13, 30549, 822, 68448, 36218, 148228, 9209, 167791, 178900, 70323]"
"[6442, 5730, 689, 698]","[13, 30549, 822, 68448, 36218, 148228, 9209, 70323, 167791, 178900]"
"[6849, 6154, 6861, 5903]","[13, 30549, 822, 68448, 36218, 148228, 9209, 70323, 167791, 178900]"
"[4315, 4996, 4074, 3395]","[13, 30549, 822, 68448, 9209, 70323, 167791, 178900, 36218, 148228]"
"[1336, 213, 2285, 1606]","[13, 30549, 822, 68448, 36218, 148228, 9209, 70323, 167791, 178900]"
"[3576, 7255, 2266, 7560]","[13, 30549, 822, 148228, 9209, 70323, 167791, 178900, 68448, 36218]"
"[4580, 1308, 3981, 7146]","[13, 30549, 822, 68448, 36218, 148228, 9209, 70323, 167791, 178900]"
"[6829, 2, 6842, 2077]","[13, 30549, 68448, 36218, 148228, 9209, 70323, 167791, 178900, 822]"
"[3471, 4667, 3153, 2581]","[13, 30549, 822, 68448, 36218, 148228, 9209, 70323, 167791, 178900]"
"[4367, 6194, 1264, 4025]","[13, 30549, 822, 68448, 36218, 148228, 9209, 70323, 167791, 178900]"
"[1904, 6988, 6649, 7721]","[13, 30549, 822, 36218, 148228, 9209, 70323, 167791, 178900, 68448]"
"[1673, 7940, 7195, 3206]","[13, 30549, 822, 68448, 36218, 148228, 9209, 178900, 70323, 167791]"
"[3423, 4756, 4910, 3818]","[13, 30549, 822, 68448, 36218, 148228, 9209, 167791, 178900, 70323]"
"[1659, 3675, 2465, 6718]","[13, 30549, 822, 68448, 148228, 9209, 167791, 178900, 36218, 70323]"
"[2195, 2013, 3331, 644]","[13, 30549, 822, 68448, 36218, 148228, 9209, 167791, 178900, 31260]"
"[6510, 5738, 4413, 3826]","[13, 30549, 68448, 9209, 70323, 167791, 178900, 822, 148228, 36218]"
"[5043, 6183, 1855, 3034]","[13, 30549, 822, 68448, 36218, 148228, 9209, 167791, 178900, 70323]"
"[384, 4025, 1281, 2307]","[13, 30549, 822, 68448, 36218, 148228, 9209, 70323, 167791, 178900]"
"[6725, 6779, 1816, 1904]","[13, 30549, 68448, 36218, 148228, 9209, 70323, 167791, 178900, 822]"
"[4954, 4674, 1156, 5897]","[13, 30549, 822, 68448, 36218, 148228, 9209, 70323, 178900, 167791]"
"[2480, 1344, 122, 3675]","[13, 30549, 822, 68448, 36218, 148228, 9209, 70323, 167791, 178900]"
"[7856, 6930, 2335, 6028]","[13, 30549, 822, 68448, 36218, 148228, 9209, 167791, 178900, 70323]"
"[7858, 4256, 6851, 7940]","[13, 30549, 822, 68448, 36218, 148228, 9209, 70323, 167791, 178900]"
"[4020, 6903, 1881, 2062]","[13, 30549, 822, 68448, 36218, 148228, 9209, 167791, 178900, 70323]"
"[42, 2854, 1771, 1923]","[13, 30549, 822, 68448, 36218, 148228, 9209, 167791, 178900, 70323]"
"[3928, 5730, 1396, 1018]","[13, 30549, 36218, 148228, 9209, 70323, 167791, 178900, 822, 31260]"
"[6367, 5094, 3331, 6614]","[13, 30549, 822, 68448, 36218, 148228, 9209, 70323, 167791, 178900]"
"[6580, 3378, 2989, 2111]","[13, 30549, 822, 148228, 9209, 70323, 167791, 178900, 68448, 36218]"
"[1574, 4872, 2231, 1771]","[13, 30549, 822, 68448, 36218, 148228, 9209, 70323, 167791, 178900]"
"[1344, 5169, 3312, 4273]","[13, 30549, 822, 68448, 36218, 148228, 9209, 70323, 178900, 167791]"
"[1567, 888, 6377, 2187]","[13, 30549, 822, 36218, 148228, 9209, 70323, 178900, 68448, 167791]"
"[3135, 4825, 4576, 6367]","[13, 30549, 822, 36218, 148228, 9209, 70323, 167791, 178900, 68448]"
"[2173, 3914, 3331, 1018]","[13, 30549, 822, 36218, 148228, 9209, 167791, 178900, 31260, 70323]"
"[286, 1816, 3240, 3395]","[13, 30549, 68448, 36218, 148228, 9209, 70323, 167791, 178900, 822]"
"[6929, 5415, 1164, 5951]","[13, 30549, 822, 68448, 36218, 148228, 9209, 70323, 167791, 178900]"
"[4484, 4273, 5170, 3153]","[13, 30549, 822, 68448, 36218, 148228, 9209, 70323, 178900, 167791]"
"[2522, 3598, 7248, 4773]","[13, 30549, 822, 68448, 36218, 148228, 9209, 70323, 167791, 178900]"
"[698, 5239, 688, 4537]","[13, 30549, 822, 68448, 36218, 148228, 9209, 70323, 167791, 178900]"
"[7919, 2156, 3395, 6831]","[13, 30549, 822, 68448, 36218, 148228, 9209, 167791, 178900, 31260]"
"[2619, 2157, 4484, 1484]","[13, 30549, 822, 36218, 148228, 9209, 70323, 167791, 178900, 68448]"
"[3100, 7780, 6167, 4940]","[13, 30549, 822, 36218, 148228, 9209, 70323, 167791, 178900, 68448]"
"[384, 6159, 2480, 7800]","[13, 30549, 822, 68448, 36218, 148228, 9209, 70323, 167791, 178900]"
"[2, 2208, 3331, 688]","[13, 30549, 822, 68448, 36218, 148228, 9209, 70323, 167791, 178900]"
"[232, 4106, 2619, 5111]","[13, 30549, 822, 36218, 148228, 9209, 70323, 167791, 178900, 68448]"
"[4674, 6345, 7689, 6194]","[13, 30549, 822, 68448, 36218, 148228, 9209, 70323, 167791, 178900]"
"[6345, 7940, 316, 4413]","[13, 30549, 822, 68448, 36218, 148228, 9209, 70323, 167791, 178900]"
"[213, 3418, 7104, 6929]","[13, 30549, 822, 68448, 36218, 148228, 9209, 167791, 178900, 70323]"
"[6889, 2591, 1870, 4584]","[13, 30549, 822, 68448, 36218, 148228, 9209, 70323, 167791, 178900]"
"[4580, 4877, 2335, 5163]","[13, 30549, 822, 68448, 36218, 148228, 9209, 70323, 167791, 178900]"
"[3095, 3501, 4021, 7858]","[13, 30549, 822, 36218, 148228, 9209, 70323, 167791, 178900, 68448]"
"[213, 2619, 2465, 3426]","[13, 30549, 822, 148228, 9209, 167791, 178900, 68448, 36218, 70323]"
"[2, 3378, 5897, 644]","[13, 30549, 822, 36218, 148228, 9209, 178900, 68448, 70323, 167791]"
"[723, 5546, 1261, 1326]","[13, 30549, 822, 68448, 148228, 167791, 178900, 36218, 70323, 9209]"
"[2581, 7873, 4910, 67]","[13, 30549, 822, 36218, 9209, 167791, 178900, 68448, 148228, 70323]"
"[4877, 3548, 6860, 3153]","[13, 30549, 822, 68448, 36218, 148228, 9209, 70323, 167791, 178900]"
"[7195, 6483, 1947, 6860]","[13, 30549, 822, 68448, 36218, 148228, 9209, 70323, 167791, 178900]"
"[951, 6829, 2231, 2930]","[13, 30549, 822, 68448, 36218, 148228, 9209, 70323, 167791, 178900]"
"[3153, 111, 500, 6291]","[13, 30549, 822, 68448, 36218, 148228, 9209, 70323, 167791, 178900]"
"[4106, 1261, 6483, 6845]","[13, 30549, 822, 68448, 36218, 148228, 9209, 70323, 167791, 178900]"
"[1565, 7146, 3117, 1298]","[13, 30549, 822, 68448, 36218, 148228, 9209, 70323, 167791, 178900]"
"[1340, 6821, 3616, 4825]","[13, 30549, 822, 36218, 148228, 9209, 70323, 167791, 178900, 68448]"
"[7394, 4555, 7547, 500]","[13, 30549, 822, 68448, 36218, 148228, 9209, 167791, 178900, 70323]"
"[6763, 3299, 3138, 6943]","[13, 30549, 822, 68448, 36218, 148228, 9209, 70323, 167791, 178900]"
"[316, 6845, 5210, 6483]","[13, 30549, 822, 68448, 36218, 148228, 9209, 167791, 178900, 70323]"
"[5111, 1673, 6974, 5546]","[13, 30549, 822, 36218, 148228, 9209, 178900, 68448, 70323, 167791]"
"[2368, 890, 7631, 1020]","[13, 30549, 822, 68448, 36218, 148228, 9209, 70323, 167791, 178900]"
"[460, 2465, 3095, 3331]","[13, 30549, 822, 68448, 148228, 9209, 70323, 167791, 178900, 36218]"
"[437, 7083, 2157, 7272]","[13, 30549, 822, 68448, 36218, 148228, 9209, 70323, 167791, 178900]"
"[2231, 1735, 2057, 5904]","[13, 30549, 822, 68448, 36218, 148228, 9209, 70323, 167791, 178900]"
"[6845, 4155, 7394, 7940]","[13, 30549, 68448, 36218, 148228, 9209, 167791, 178900, 822, 70323]"
"[3345, 2195, 3117, 4940]","[13, 30549, 822, 36218, 148228, 9209, 167791, 178900, 70323, 68448]"
"[3504, 3100, 5951, 4035]","[13, 30549, 822, 36218, 148228, 9209, 70323, 167791, 178900, 68448]"
"[1422, 715, 6930, 3378]","[13, 30549, 822, 36218, 148228, 9209, 70323, 167791, 178900, 68448]"
"[1261, 3299, 2077, 3136]","[13, 30549, 68448, 36218, 148228, 9209, 70323, 167791, 178900, 822]"
"[1454, 7631, 4074, 75]","[13, 30549, 822, 68448, 9209, 70323, 167791, 178900, 36218, 148228]"
"[6411, 7780, 3751, 6851]","[13, 30549, 822, 68448, 36218, 148228, 9209, 70323, 167791, 178900]"
"[2436, 7631, 5785, 2062]","[13, 30549, 68448, 36218, 148228, 9209, 70323, 167791, 178900, 822]"
"[6623, 6483, 3423, 1164]","[13, 30549, 822, 68448, 36218, 148228, 9209, 70323, 167791, 178900]"
"[5351, 6411, 4155, 3623]","[13, 30549, 68448, 36218, 148228, 9209, 70323, 167791, 178900, 822]"
"[4617, 6830, 6126, 7394]","[13, 30549, 822, 68448, 36218, 148228, 9209, 167791, 178900, 70323]"
"[1005, 7816, 4996, 1164]","[13, 30549, 822, 68448, 36218, 148228, 9209, 70323, 167791, 178900]"
"[715, 1012, 723, 3250]","[13, 30549, 822, 68448, 36218, 148228, 70323, 167791, 178900, 9209]"
"[7800, 5932, 2173, 3095]","[13, 30549, 822, 68448, 36218, 148228, 9209, 167791, 178900, 70323]"
"[3501, 2208, 3928, 7327]","[13, 30549, 36218, 148228, 9209, 70323, 167791, 178900, 822, 31260]"
"[2023, 5035, 6547, 7502]","[13, 30549, 822, 68448, 36218, 148228, 9209, 70323, 167791, 178900]"
"[4258, 1028, 1224, 3378]","[13, 30549, 822, 36218, 148228, 9209, 70323, 167791, 178900, 68448]"
"[698, 6124, 1602, 3756]","[13, 30549, 822, 68448, 148228, 9209, 70323, 167791, 178900, 36218]"
"[3848, 7444, 5347, 2436]","[13, 30549, 822, 36218, 148228, 9209, 70323, 167791, 178900, 68448]"
"[5904, 2057, 6725, 1224]","[13, 30549, 822, 68448, 36218, 148228, 9209, 70323, 167791, 178900]"
"[5693, 4537, 7808, 1771]","[13, 30549, 822, 68448, 36218, 148228, 9209, 70323, 167791, 178900]"
"[3675, 5809, 846, 6445]","[13, 30549, 822, 68448, 36218, 148228, 9209, 70323, 167791, 178900]"
"[2581, 2266, 2303, 3756]","[13, 30549, 822, 68448, 36218, 148228, 9209, 70323, 167791, 178900]"
"[103, 3153, 4359, 232]","[13, 30549, 822, 68448, 36218, 148228, 9209, 167791, 178900, 70323]"
"[5351, 7721, 3299, 2285]","[13, 30549, 822, 36218, 148228, 9209, 70323, 167791, 178900, 68448]"
"[1018, 7223, 692, 1156]","[13, 30549, 822, 36218, 148228, 9209, 70323, 167791, 178900, 68448]"
"[6536, 4940, 3756, 4832]","[13, 30549, 822, 36218, 148228, 9209, 167791, 178900, 68448, 70323]"
"[42, 1989, 3501, 3756]","[13, 30549, 822, 36218, 148228, 9209, 70323, 167791, 178900, 68448]"
"[6763, 2936, 2257, 4944]","[13, 30549, 822, 68448, 36218, 148228, 9209, 70323, 167791, 178900]"
"[1210, 1567, 5785, 4667]","[13, 30549, 68448, 36218, 148228, 9209, 70323, 167791, 178900, 822]"
"[1210, 4414, 1553, 3418]","[13, 30549, 822, 68448, 36218, 148228, 9209, 167791, 178900, 70323]"
"[3299, 42, 1279, 2593]","[13, 30549, 822, 68448, 36218, 148228, 9209, 70323, 167791, 178900]"
"[3675, 7394, 7547, 7881]","[13, 30549, 68448, 36218, 148228, 9209, 167791, 178900, 822, 70323]"
"[3504, 3461, 3395, 5455]","[13, 30549, 822, 68448, 36218, 148228, 9209, 70323, 167791, 178900]"
"[4273, 3848, 788, 7947]","[13, 30549, 822, 36218, 148228, 9209, 70323, 167791, 178900, 68448]"
"[5707, 118, 1735, 5151]","[13, 30549, 822, 68448, 36218, 148228, 9209, 167791, 178900, 70323]"
"[2591, 5932, 5791, 1994]","[13, 30549, 822, 68448, 36218, 148228, 9209, 70323, 167791, 178900]"
"[4102, 1279, 2157, 3095]","[13, 30549, 822, 68448, 36218, 148228, 9209, 70323, 167791, 178900]"
"[5518, 1512, 5762, 2057]","[13, 30549, 822, 68448, 36218, 148228, 9209, 70323, 167791, 178900]"
"[2591, 1005, 7892, 552]","[13, 30549, 822, 68448, 36218, 148228, 9209, 70323, 167791, 178900]"
"[1326, 4414, 3331, 4106]","[13, 30549, 822, 68448, 148228, 9209, 167791, 178900, 36218, 70323]"
"[7327, 971, 1164, 6861]","[13, 30549, 822, 68448, 36218, 148228, 9209, 70323, 167791, 178900]"
"[1281, 4996, 6538, 1816]","[13, 30549, 68448, 36218, 148228, 9209, 70323, 178900, 822, 167791]"
"[7469, 483, 103, 1606]","[13, 30549, 822, 68448, 36218, 148228, 9209, 70323, 167791, 178900]"
"[6779, 4414, 4315, 658]","[13, 30549, 822, 68448, 36218, 148228, 9209, 70323, 167791, 178900]"
"[1512, 3423, 213, 6345]","[13, 30549, 822, 68448, 36218, 148228, 9209, 70323, 167791, 178900]"
"[692, 5169, 4025, 5094]","[13, 30549, 822, 68448, 36218, 148228, 9209, 70323, 178900, 167791]"
"[3798, 6889, 5043, 232]","[13, 30549, 822, 68448, 36218, 148228, 9209, 70323, 167791, 178900]"
"[6940, 6126, 1317, 5397]","[13, 30549, 68448, 36218, 148228, 9209, 178900, 822, 70323, 167791]"
"[6930, 644, 5571, 5111]","[13, 30549, 822, 68448, 36218, 148228, 9209, 167791, 178900, 70323]"
"[555, 2619, 316, 5007]","[13, 30549, 822, 36218, 148228, 9209, 70323, 167791, 178900, 68448]"
"[3616, 723, 2410, 3083]","[13, 30549, 822, 68448, 36218, 148228, 70323, 167791, 178900, 9209]"
"[4584, 7689, 68, 5809]","[13, 30549, 822, 68448, 36218, 148228, 9209, 70323, 167791, 178900]"
"[1261, 2436, 1317, 7279]","[13, 30549, 822, 68448, 36218, 148228, 9209, 167791, 178900, 70323]"
"[2156, 7150, 971, 6623]","[13, 30549, 822, 68448, 36218, 148228, 9209, 167791, 178900, 70323]"
"[67, 3623, 614, 3889]","[13, 30549, 822, 36218, 148228, 9209, 70323, 167791, 178900, 68448]"
"[5904, 807, 7800, 975]","[13, 30549, 822, 68448, 36218, 148228, 9209, 167791, 178900, 70323]"
"[68, 5762, 6159, 2]","[13, 30549, 822, 68448, 36218, 148228, 9209, 70323, 167791, 178900]"
"[1989, 2930, 3616, 4155]","[13, 30549, 68448, 36218, 148228, 9209, 70323, 167791, 178900, 822]"
"[3034, 7050, 103, 5693]","[13, 30549, 68448, 36218, 148228, 9209, 167791, 178900, 822, 70323]"
"[3153, 3501, 1947, 2187]","[13, 30549, 822, 36218, 148228, 9209, 70323, 178900, 68448, 167791]"
"[1219, 4025, 2057, 7172]","[13, 30549, 822, 68448, 36218, 148228, 9209, 70323, 167791, 178900]"
"[6623, 5738, 3135, 7166]","[13, 30549, 68448, 148228, 9209, 70323, 167791, 178900, 822, 36218]"
"[3426, 2173, 3501, 6580]","[13, 30549, 822, 36218, 148228, 9209, 167791, 178900, 68448, 31260]"
"[3034, 4555, 4155, 4113]","[13, 30549, 68448, 36218, 148228, 9209, 70323, 167791, 178900, 822]"
"[4576, 3331, 5762, 6120]","[13, 30549, 822, 68448, 36218, 148228, 9209, 70323, 167791, 178900]"
"[3095, 1512, 4677, 4877]","[13, 30549, 822, 68448, 36218, 148228, 9209, 70323, 167791, 178900]"
"[1156, 2443, 3423, 2062]","[13, 30549, 822, 68448, 36218, 148228, 9209, 70323, 167791, 178900]"
"[3095, 2718, 4257, 7808]","[13, 30549, 822, 68448, 36218, 148228, 9209, 70323, 167791, 178900]"
"[5730, 3231, 3919, 6669]","[13, 30549, 822, 36218, 148228, 9209, 70323, 178900, 68448, 167791]"
"[1465, 1281, 4889, 103]","[13, 30549, 822, 68448, 36218, 148228, 9209, 70323, 167791, 178900]"
"[4035, 2522, 1454, 2111]","[13, 30549, 822, 68448, 148228, 9209, 70323, 167791, 178900, 36218]"
"[2187, 3623, 6763, 7279]","[13, 30549, 822, 68448, 36218, 148228, 9209, 70323, 178900, 167791]"
"[7547, 5139, 3981, 2718]","[13, 30549, 822, 68448, 36218, 148228, 9209, 70323, 167791, 178900]"
"[3644, 2015, 460, 3960]","[13, 30549, 822, 36218, 148228, 9209, 70323, 167791, 178900, 68448]"
"[4098, 66, 1368, 6974]","[13, 30549, 822, 36218, 148228, 9209, 70323, 167791, 178900, 68448]"
"[807, 2951, 1224, 3331]","[13, 30549, 822, 68448, 36218, 148228, 9209, 167791, 178900, 70323]"
"[698, 1553, 4832, 3426]","[13, 30549, 822, 68448, 36218, 148228, 9209, 167791, 178900, 70323]"
"[6661, 1298, 6625, 2864]","[13, 30549, 822, 68448, 36218, 148228, 9209, 70323, 167791, 178900]"
"[2886, 5415, 5043, 1994]","[13, 30549, 822, 68448, 36218, 148228, 9209, 70323, 167791, 178900]"
"[7255, 1673, 5869, 4293]","[13, 30549, 822, 36218, 148228, 9209, 178900, 70323, 167791, 68448]"
"[3826, 4584, 7891, 7172]","[13, 30549, 822, 68448, 9209, 70323, 167791, 178900, 36218, 148228]"
"[685, 7145, 614, 1097]","[13, 30549, 822, 36218, 148228, 9209, 70323, 167791, 178900, 68448]"
"[7083, 6845, 3114, 7444]","[13, 30549, 822, 36218, 148228, 9209, 70323, 167791, 178900, 68448]"
"[2718, 2480, 4367, 4273]","[13, 30549, 822, 68448, 36218, 148228, 9209, 70323, 167791, 178900]"
"[1020, 6384, 4258, 644]","[13, 30549, 822, 36218, 148228, 9209, 167791, 178900, 68448, 70323]"
"[6974, 7873, 2195, 3338]","[13, 30549, 822, 36218, 9209, 167791, 178900, 148228, 70323, 31260]"
"[3109, 807, 5571, 4761]","[13, 30549, 822, 36218, 148228, 9209, 167791, 178900, 70323, 68448]"
"[4580, 6821, 951, 7858]","[13, 30549, 822, 68448, 36218, 148228, 9209, 70323, 167791, 178900]"
"[3605, 4256, 723, 6940]","[13, 30549, 822, 68448, 36218, 148228, 70323, 167791, 178900, 9209]"
"[5043, 2111, 1855, 7223]","[13, 30549, 822, 68448, 148228, 9209, 70323, 167791, 178900, 36218]"
"[5809, 1538, 5693, 6384]","[13, 30549, 822, 36218, 148228, 9209, 70323, 167791, 178900, 68448]"
"[111, 4537, 1994, 232]","[13, 30549, 822, 68448, 36218, 148228, 9209, 70323, 167791, 178900]"
"[6384, 7014, 2077, 2257]","[13, 30549, 36218, 148228, 9209, 70323, 167791, 178900, 822, 31260]"
"[1735, 7940, 7780, 3675]","[13, 30549, 822, 68448, 36218, 148228, 9209, 70323, 167791, 178900]"
"[2443, 807, 3234, 5170]","[13, 30549, 822, 68448, 36218, 148228, 9209, 178900, 70323, 167791]"
"[890, 5791, 4414, 4287]","[13, 30549, 822, 68448, 36218, 148228, 9209, 70323, 167791, 178900]"
"[3117, 1261, 7014, 2936]","[13, 30549, 822, 36218, 148228, 9209, 70323, 167791, 178900, 68448]"
"[1651, 3576, 6547, 6384]","[13, 30549, 36218, 148228, 9209, 70323, 167791, 178900, 68448, 822]"
"[5415, 1606, 2408, 2]","[13, 30549, 822, 68448, 36218, 148228, 9209, 70323, 167791, 178900]"
"[4113, 4074, 6940, 4617]","[13, 30549, 822, 68448, 9209, 70323, 167791, 178900, 36218, 148228]"
"[2930, 6538, 67, 7808]","[13, 30549, 822, 36218, 148228, 9209, 70323, 178900, 68448, 167791]"
"[5571, 5904, 1881, 725]","[13, 30549, 822, 68448, 36218, 148228, 9209, 167791, 178900, 70323]"
"[1164, 4020, 1279, 5044]","[13, 30549, 822, 68448, 36218, 148228, 9209, 70323, 178900, 167791]"
"[3504, 4098, 5707, 3206]","[13, 30549, 822, 68448, 36218, 148228, 9209, 70323, 167791, 178900]"
"[4667, 1484, 4035, 692]","[13, 30549, 822, 68448, 36218, 148228, 9209, 70323, 167791, 178900]"
"[7050, 5455, 4940, 974]","[13, 30549, 68448, 36218, 148228, 9209, 167791, 178900, 822, 70323]"
"[807, 4940, 4020, 1422]","[13, 30549, 822, 68448, 36218, 148228, 9209, 167791, 178900, 70323]"
"[920, 5397, 5546, 6779]","[13, 30549, 68448, 36218, 148228, 9209, 70323, 178900, 822, 167791]"
"[6028, 7394, 3576, 7145]","[13, 30549, 822, 68448, 36218, 148228, 9209, 167791, 178900, 31260]"
"[4889, 7502, 232, 1040]","[13, 30549, 822, 68448, 36218, 148228, 9209, 167791, 178900, 70323]"
"[7631, 6442, 658, 4889]","[13, 30549, 822, 68448, 36218, 148228, 9209, 70323, 167791, 178900]"
"[5730, 1219, 6779, 1606]","[13, 30549, 822, 68448, 36218, 148228, 9209, 70323, 167791, 178900]"
"[1659, 2368, 688, 1344]","[13, 30549, 822, 68448, 36218, 148228, 9209, 70323, 167791, 178900]"
"[750, 1281, 3135, 5455]","[13, 30549, 822, 68448, 36218, 148228, 9209, 70323, 167791, 178900]"
"[7146, 2231, 3928, 118]","[13, 30549, 36218, 148228, 9209, 167791, 178900, 822, 68448, 70323]"
"[2062, 5163, 5791, 3616]","[13, 30549, 822, 68448, 36218, 148228, 9209, 70323, 167791, 178900]"
"[4287, 1881, 5571, 3426]","[13, 30549, 822, 68448, 36218, 148228, 9209, 167791, 178900, 70323]"
"[1512, 6988, 4889, 5219]","[13, 30549, 822, 68448, 36218, 148228, 9209, 70323, 167791, 178900]"
"[3644, 725, 409, 1422]","[13, 30549, 822, 68448, 36218, 148228, 9209, 70323, 167791, 178900]"
"[460, 974, 1867, 1018]","[13, 30549, 822, 36218, 148228, 9209, 70323, 167791, 178900, 68448]"
"[3095, 5869, 6120, 6183]","[13, 30549, 822, 68448, 36218, 148228, 9209, 167791, 178900, 70323]"
"[66, 4035, 3240, 7272]","[13, 30549, 822, 68448, 36218, 148228, 9209, 70323, 167791, 178900]"
"[689, 2634, 4674, 6614]","[13, 30549, 822, 68448, 36218, 148228, 9209, 70323, 167791, 178900]"
"[4658, 2901, 7689, 6124]","[13, 30549, 822, 68448, 148228, 9209, 70323, 167791, 178900, 36218]"
"[6580, 6661, 1012, 1097]","[13, 30549, 822, 36218, 148228, 9209, 70323, 167791, 178900, 68448]"
"[2368, 2864, 1574, 4910]","[13, 30549, 822, 68448, 36218, 148228, 9209, 167791, 178900, 70323]"
"[1279, 6940, 2864, 1040]","[13, 30549, 822, 68448, 36218, 148228, 9209, 167791, 178900, 70323]"
"[3914, 6889, 6830, 3034]","[13, 30549, 822, 36218, 148228, 9209, 70323, 167791, 178900, 68448]"
"[5111, 5897, 1340, 7919]","[13, 30549, 822, 68448, 36218, 148228, 9209, 178900, 70323, 167791]"
"[6860, 3598, 3136, 7947]","[13, 30549, 822, 68448, 36218, 148228, 9209, 70323, 167791, 178900]"
"[496, 689, 698, 7892]","[13, 30549, 822, 36218, 148228, 9209, 70323, 167791, 178900, 68448]"
"[5844, 5785, 2930, 1870]","[13, 30549, 68448, 36218, 148228, 9209, 70323, 167791, 178900, 822]"
"[3548, 6221, 3928, 3418]","[13, 30549, 36218, 148228, 9209, 167791, 178900, 822, 68448, 70323]"
"[1344, 890, 7816, 1264]","[13, 30549, 822, 68448, 36218, 148228, 9209, 70323, 167791, 178900]"
"[3206, 3677, 5455, 6445]","[13, 30549, 822, 68448, 36218, 148228, 9209, 167791, 178900, 70323]"
"[3826, 6028, 5897, 6126]","[13, 30549, 822, 68448, 9209, 178900, 70323, 167791, 31260, 36218]"
"[2718, 6538, 4889, 644]","[13, 30549, 822, 68448, 36218, 148228, 9209, 178900, 70323, 167791]"
"[6159, 5869, 496, 2013]","[13, 30549, 822, 36218, 148228, 9209, 70323, 167791, 178900, 68448]"
"[999, 6612, 7947, 4555]","[13, 30549, 822, 68448, 36218, 148228, 9209, 70323, 167791, 178900]"
"[5738, 723, 3138, 4825]","[13, 30549, 148228, 70323, 167791, 178900, 68448, 9209, 31260, 822]"
"[437, 2901, 4576, 5785]","[13, 30549, 68448, 36218, 148228, 9209, 70323, 167791, 178900, 822]"
"[7631, 7327, 688, 1317]","[13, 30549, 822, 68448, 36218, 148228, 9209, 167791, 178900, 70323]"
"[888, 1279, 6229, 2854]","[13, 30549, 822, 36218, 148228, 9209, 70323, 167791, 178900, 68448]"
"[3756, 112, 316, 3751]","[13, 30549, 822, 68448, 36218, 148228, 9209, 70323, 167791, 178900]"
"[715, 4020, 2410, 2057]","[13, 30549, 822, 68448, 36218, 148228, 9209, 70323, 167791, 178900]"
"[6386, 3395, 6943, 6779]","[13, 30549, 822, 68448, 36218, 148228, 9209, 70323, 167791, 178900]"
"[6124, 2156, 6345, 6367]","[13, 30549, 822, 68448, 148228, 9209, 167791, 178900, 70323, 36218]"
"[3889, 3756, 3919, 5782]","[13, 30549, 822, 36218, 148228, 9209, 70323, 178900, 68448, 167791]"
"[3798, 5043, 5996, 7780]","[13, 30549, 822, 68448, 36218, 148228, 9209, 70323, 167791, 178900]"
"[5869, 920, 1018, 1602]","[13, 30549, 822, 36218, 148228, 9209, 70323, 167791, 178900, 68448]"
"[1535, 2930, 4287, 7816]","[13, 30549, 822, 68448, 36218, 148228, 9209, 70323, 167791, 178900]"
"[6580, 5455, 974, 409]","[13, 30549, 822, 68448, 36218, 148228, 9209, 70323, 167791, 178900]"
"[118, 2581, 1281, 2140]","[13, 30549, 822, 68448, 36218, 148228, 9209, 167791, 178900, 70323]"
"[5693, 4020, 6538, 3299]","[13, 30549, 822, 68448, 36218, 148228, 9209, 70323, 178900, 167791]"
"[5791, 1535, 1947, 2285]","[13, 30549, 822, 68448, 36218, 148228, 9209, 70323, 167791, 178900]"
"[6903, 483, 4315, 5201]","[13, 30549, 822, 68448, 36218, 148228, 9209, 70323, 167791, 178900]"
"[971, 5170, 2285, 7547]","[13, 30549, 822, 68448, 36218, 148228, 9209, 70323, 178900, 167791]"
"[4970, 5201, 1538, 4074]","[13, 30549, 822, 68448, 9209, 70323, 167791, 178900, 36218, 148228]"
"[1156, 1298, 4113, 1336]","[13, 30549, 822, 68448, 36218, 148228, 9209, 70323, 167791, 178900]"
"[1538, 5762, 66, 1005]","[13, 30549, 822, 68448, 36218, 148228, 9209, 70323, 167791, 178900]"
"[6120, 6183, 384, 6661]","[13, 30549, 822, 68448, 36218, 148228, 9209, 167791, 178900, 70323]"
"[2477, 1659, 3548, 2414]","[13, 30549, 822, 68448, 36218, 148228, 9209, 70323, 167791, 178900]"
"[483, 3240, 6763, 971]","[13, 30549, 822, 68448, 36218, 148228, 9209, 70323, 167791, 178900]"
"[6536, 5707, 3598, 5035]","[13, 30549, 822, 36218, 148228, 9209, 167791, 178900, 68448, 70323]"
"[4940, 4910, 6842, 3501]","[13, 30549, 822, 36218, 148228, 9209, 167791, 178900, 68448, 70323]"
"[614, 6940, 5782, 3423]","[13, 30549, 822, 68448, 36218, 148228, 9209, 70323, 167791, 178900]"
"[920, 1947, 1340, 3312]","[13, 30549, 822, 68448, 36218, 148228, 9209, 70323, 167791, 178900]"
"[1012, 5951, 3605, 7279]","[13, 30549, 822, 68448, 36218, 148228, 9209, 70323, 167791, 178900]"
"[2341, 5210, 614, 231]","[13, 30549, 822, 68448, 36218, 148228, 9209, 167791, 178900, 70323]"
"[7808, 3880, 1651, 3060]","[13, 30549, 68448, 36218, 148228, 9209, 70323, 167791, 178900, 822]"
"[6120, 1422, 2015, 6623]","[13, 30549, 822, 68448, 36218, 148228, 9209, 70323, 167791, 178900]"
"[4872, 5415, 7469, 6978]","[13, 30549, 822, 68448, 148228, 9209, 70323, 167791, 178900, 36218]"
"[5571, 3598, 5869, 4484]","[13, 30549, 822, 68448, 36218, 148228, 9209, 70323, 167791, 178900]"
"[314, 6221, 7166, 5347]","[13, 30549, 822, 68448, 36218, 148228, 9209, 70323, 167791, 178900]"
"[286, 6661, 7816, 67]","[13, 30549, 822, 36218, 148228, 9209, 70323, 167791, 178900, 68448]"
"[2354, 3109, 4761, 7631]","[13, 30549, 822, 36218, 148228, 9209, 70323, 167791, 178900, 68448]"
"[658, 555, 3138, 6779]","[13, 30549, 822, 68448, 36218, 148228, 9209, 70323, 167791, 178900]"
"[4872, 5693, 3756, 6625]","[13, 30549, 822, 68448, 36218, 148228, 9209, 70323, 167791, 178900]"
"[5693, 4944, 6124, 4413]","[13, 30549, 822, 68448, 148228, 9209, 70323, 167791, 178900, 36218]"
"[3357, 2285, 1989, 2591]","[13, 30549, 822, 68448, 36218, 148228, 9209, 70323, 167791, 178900]"
"[4106, 2266, 6536, 4761]","[13, 30549, 822, 36218, 148228, 9209, 167791, 178900, 68448, 70323]"
"[1454, 2057, 1816, 4910]","[13, 30549, 68448, 36218, 148228, 9209, 167791, 178900, 822, 70323]"
"[1156, 6988, 4376, 975]","[13, 30549, 822, 68448, 36218, 148228, 9209, 70323, 167791, 178900]"
"[7166, 483, 1574, 5397]","[13, 30549, 68448, 36218, 148228, 9209, 70323, 178900, 822, 167791]"
"[5044, 66, 725, 5007]","[13, 30549, 822, 68448, 36218, 148228, 9209, 70323, 178900, 167791]"
"[715, 3345, 3600, 788]","[13, 30549, 822, 36218, 148228, 9209, 70323, 167791, 178900, 68448]"
"[6291, 6861, 7394, 6649]","[13, 30549, 822, 68448, 36218, 148228, 9209, 167791, 178900, 70323]"
"[1553, 3593, 2231, 2062]","[13, 30549, 822, 68448, 36218, 148228, 9209, 70323, 167791, 178900]"
"[2950, 3644, 1538, 3357]","[13, 30549, 822, 68448, 36218, 148228, 9209, 167791, 178900, 70323]"
"[685, 7816, 2257, 6669]","[13, 30549, 822, 68448, 36218, 148228, 9209, 70323, 167791, 178900]"
"[2354, 4650, 4359, 2414]","[13, 30549, 822, 68448, 36218, 148228, 9209, 167791, 178900, 70323]"
"[2, 5819, 6291, 2015]","[13, 30549, 822, 36218, 148228, 9209, 70323, 167791, 178900, 68448]"
"[6943, 1855, 7631, 4773]","[13, 30549, 822, 68448, 36218, 148228, 9209, 70323, 167791, 178900]"
"[1574, 3095, 1651, 692]","[13, 30549, 68448, 36218, 148228, 9209, 70323, 167791, 178900, 822]"
"[3981, 5007, 3600, 2023]","[13, 30549, 822, 68448, 36218, 148228, 9209, 70323, 167791, 178900]"
"[7272, 3034, 2436, 6445]","[13, 30549, 822, 68448, 36218, 148228, 9209, 70323, 167791, 178900]"
"[7892, 1281, 614, 1224]","[13, 30549, 822, 68448, 36218, 148228, 9209, 70323, 167791, 178900]"
"[6625, 4773, 6547, 7892]","[13, 30549, 822, 68448, 36218, 148228, 9209, 70323, 167791, 178900]"
"[2951, 6547, 7444, 6851]","[13, 30549, 822, 36218, 148228, 9209, 70323, 167791, 178900, 68448]"
"[66, 6625, 2341, 6940]","[13, 30549, 822, 68448, 36218, 148228, 9209, 70323, 167791, 178900]"
"[6929, 1771, 5094, 6194]","[13, 30549, 822, 68448, 36218, 148228, 9209, 70323, 167791, 178900]"
"[7223, 2111, 1535, 4257]","[13, 30549, 822, 68448, 148228, 9209, 70323, 167791, 178900, 36218]"
"[5844, 3461, 689, 2901]","[13, 30549, 822, 68448, 36218, 148228, 9209, 70323, 167791, 178900]"
"[7947, 3960, 6974, 7856]","[13, 30549, 822, 36218, 148228, 9209, 70323, 167791, 178900, 68448]"
"[2368, 4359, 1422, 2023]","[13, 30549, 822, 68448, 36218, 148228, 9209, 167791, 178900, 70323]"
"[3153, 3095, 2354, 7947]","[13, 30549, 822, 68448, 36218, 148228, 9209, 70323, 167791, 178900]"
"[7891, 1994, 7631, 1553]","[13, 30549, 822, 68448, 36218, 148228, 9209, 70323, 167791, 178900]"
"[4098, 3395, 6831, 888]","[13, 30549, 822, 36218, 148228, 9209, 70323, 167791, 178900, 68448]"
"[4576, 3418, 5044, 1340]","[13, 30549, 822, 68448, 36218, 148228, 9209, 178900, 70323, 167791]"
"[7469, 2465, 5791, 1454]","[13, 30549, 822, 68448, 148228, 9209, 70323, 167791, 178900, 36218]"
"[4025, 6974, 4098, 500]","[13, 30549, 822, 36218, 148228, 9209, 70323, 167791, 178900, 68448]"
"[409, 3357, 1465, 1224]","[13, 30549, 822, 68448, 36218, 148228, 9209, 70323, 167791, 178900]"
"[6903, 7947, 6028, 3501]","[13, 30549, 822, 36218, 148228, 9209, 167791, 178900, 68448, 70323]"
"[1565, 2140, 4526, 6830]","[13, 30549, 822, 68448, 148228, 9209, 70323, 167791, 178900, 36218]"
"[66, 6779, 3914, 3299]","[13, 30549, 822, 36218, 148228, 9209, 70323, 167791, 178900, 68448]"
"[6860, 4367, 999, 6159]","[13, 30549, 822, 68448, 36218, 148228, 9209, 70323, 167791, 178900]"
"[5094, 6612, 3504, 1097]","[13, 30549, 822, 36218, 148228, 9209, 70323, 167791, 178900, 68448]"
"[2619, 5455, 2187, 888]","[13, 30549, 822, 36218, 148228, 9209, 70323, 178900, 167791, 31260]"
"[5035, 7560, 3016, 2015]","[13, 30549, 822, 68448, 148228, 9209, 70323, 167791, 178900, 36218]"
"[5007, 1326, 7856, 3138]","[13, 30549, 822, 68448, 148228, 9209, 167791, 178900, 36218, 70323]"
"[6028, 3114, 67, 75]","[13, 30549, 822, 36218, 148228, 9209, 167791, 178900, 68448, 70323]"
"[2950, 3501, 5904, 6842]","[13, 30549, 822, 36218, 148228, 9209, 167791, 178900, 68448, 70323]"
"[5170, 409, 2854, 552]","[13, 30549, 822, 68448, 36218, 148228, 9209, 70323, 178900, 167791]"
"[5109, 122, 67, 4617]","[13, 30549, 822, 36218, 148228, 9209, 70323, 167791, 178900, 68448]"
"[4021, 1659, 6625, 2943]","[13, 30549, 822, 68448, 36218, 148228, 9209, 70323, 167791, 178900]"
"[5007, 5762, 286, 920]","[13, 30549, 822, 68448, 36218, 148228, 9209, 70323, 167791, 178900]"
"[6536, 6159, 4832, 2231]","[13, 30549, 822, 36218, 148228, 9209, 167791, 178900, 68448, 70323]"
"[2864, 3234, 500, 2231]","[13, 30549, 822, 68448, 36218, 148228, 9209, 70323, 178900, 167791]"
"[6411, 552, 1535, 7858]","[13, 30549, 822, 68448, 36218, 148228, 9209, 70323, 167791, 178900]"
"[5809, 2285, 3889, 3960]","[13, 30549, 822, 36218, 148228, 9209, 70323, 167791, 178900, 68448]"
"[688, 5693, 1553, 3818]","[13, 30549, 822, 68448, 36218, 148228, 9209, 70323, 167791, 178900]"
"[1512, 2140, 688, 5044]","[13, 30549, 822, 68448, 36218, 148228, 9209, 70323, 178900, 167791]"
"[2581, 3443, 5044, 4877]","[13, 30549, 822, 68448, 36218, 148228, 9209, 70323, 178900, 167791]"
"[6861, 3083, 3095, 4413]","[13, 30549, 822, 68448, 36218, 148228, 9209, 70323, 167791, 178900]"
"[4940, 1454, 6580, 7248]","[13, 30549, 822, 68448, 36218, 148228, 9209, 70323, 167791, 178900]"
"[5546, 4074, 7014, 4102]","[13, 30549, 822, 9209, 70323, 167791, 178900, 68448, 36218, 148228]"
"[6483, 3548, 2465, 5224]","[13, 30549, 822, 68448, 148228, 9209, 70323, 167791, 178900, 36218]"
"[1602, 4944, 715, 3153]","[13, 30549, 822, 68448, 36218, 148228, 9209, 70323, 167791, 178900]"
"[5693, 890, 4021, 2930]","[13, 30549, 822, 68448, 36218, 148228, 9209, 70323, 167791, 178900]"
"[4315, 2102, 2591, 5170]","[13, 30549, 68448, 36218, 148228, 9209, 70323, 178900, 822, 167791]"
"[1565, 3443, 1855, 6623]","[13, 30549, 822, 68448, 36218, 148228, 9209, 70323, 167791, 178900]"
"[2913, 4367, 2257, 2854]","[13, 30549, 822, 68448, 36218, 148228, 9209, 70323, 167791, 178900]"
"[3593, 3598, 3357, 3423]","[13, 30549, 822, 68448, 36218, 148228, 9209, 70323, 167791, 178900]"
"[1538, 644, 1867, 3848]","[13, 30549, 822, 68448, 36218, 148228, 9209, 167791, 178900, 70323]"
"[3598, 6763, 2140, 4035]","[13, 30549, 822, 68448, 36218, 148228, 9209, 70323, 167791, 178900]"
"[5151, 4889, 6154, 1659]","[13, 30549, 822, 68448, 36218, 148228, 9209, 167791, 178900, 70323]"
"[5201, 1484, 4580, 1020]","[13, 30549, 822, 68448, 36218, 148228, 9209, 70323, 167791, 178900]"
"[999, 1368, 3231, 614]","[13, 30549, 822, 68448, 36218, 148228, 9209, 70323, 167791, 178900]"
"[6386, 5785, 1538, 4098]","[13, 30549, 68448, 36218, 148228, 9209, 70323, 167791, 178900, 822]"
"[3423, 6167, 3598, 692]","[13, 30549, 822, 68448, 36218, 148228, 9209, 70323, 167791, 178900]"
"[7881, 7248, 2231, 3471]","[13, 30549, 68448, 36218, 148228, 9209, 70323, 167791, 178900, 822]"
"[2634, 971, 2, 2157]","[13, 30549, 822, 68448, 36218, 148228, 9209, 70323, 167791, 178900]"
"[7800, 5965, 7808, 7272]","[13, 30549, 822, 68448, 36218, 148228, 9209, 70323, 167791, 178900]"
"[2057, 5738, 3848, 6929]","[13, 30549, 68448, 148228, 9209, 70323, 167791, 178900, 822, 36218]"
"[6930, 2307, 5819, 5210]","[13, 30549, 822, 36218, 148228, 9209, 167791, 178900, 68448, 70323]"
"[6649, 1989, 3826, 6614]","[13, 30549, 822, 68448, 9209, 70323, 167791, 178900, 36218, 148228]"
"[5163, 2864, 3299, 7255]","[13, 30549, 822, 36218, 148228, 9209, 70323, 167791, 178900, 68448]"
"[6974, 6124, 4155, 3880]","[13, 30549, 148228, 9209, 70323, 167791, 178900, 822, 36218, 31260]"
"[2913, 3136, 4218, 3357]","[13, 30549, 822, 68448, 36218, 148228, 9209, 70323, 167791, 178900]"
"[2231, 3548, 1855, 846]","[13, 30549, 822, 68448, 36218, 148228, 9209, 70323, 167791, 178900]"
"[2231, 920, 6669, 7816]","[13, 30549, 822, 68448, 36218, 148228, 9209, 70323, 167791, 178900]"
"[890, 4098, 5139, 2581]","[13, 30549, 822, 68448, 36218, 148228, 9209, 70323, 167791, 178900]"
"[2591, 2886, 6442, 6221]","[13, 30549, 822, 68448, 36218, 148228, 9209, 70323, 167791, 178900]"
"[2023, 975, 5738, 66]","[13, 30549, 68448, 148228, 9209, 70323, 167791, 178900, 822, 36218]"
"[1651, 3501, 1947, 7873]","[13, 30549, 36218, 9209, 70323, 167791, 178900, 68448, 148228, 31260]"
"[6845, 4414, 4940, 4825]","[13, 30549, 822, 36218, 148228, 9209, 70323, 167791, 178900, 68448]"
"[7195, 1422, 437, 2062]","[13, 30549, 822, 68448, 36218, 148228, 9209, 70323, 167791, 178900]"
"[4106, 5139, 1326, 3471]","[13, 30549, 822, 68448, 148228, 9209, 167791, 178900, 36218, 70323]"
"[2015, 6903, 4106, 314]","[13, 30549, 822, 68448, 36218, 148228, 9209, 70323, 167791, 178900]"
"[4257, 6442, 1288, 3153]","[13, 30549, 822, 68448, 36218, 148228, 9209, 70323, 167791, 178900]"
"[6120, 689, 4315, 2522]","[13, 30549, 822, 68448, 36218, 148228, 9209, 70323, 167791, 178900]"
"[6763, 3504, 3109, 2187]","[13, 30549, 822, 36218, 148228, 9209, 70323, 178900, 68448, 167791]"
"[4293, 715, 7166, 1484]","[13, 30549, 822, 68448, 36218, 148228, 9209, 70323, 167791, 178900]"
"[4584, 2410, 2864, 3675]","[13, 30549, 822, 68448, 36218, 148228, 9209, 70323, 167791, 178900]"
"[2443, 788, 42, 2989]","[13, 30549, 822, 36218, 148228, 9209, 70323, 167791, 178900, 68448]"
"[3083, 7279, 7800, 3605]","[13, 30549, 822, 68448, 36218, 148228, 9209, 70323, 167791, 178900]"
"[1005, 3095, 1308, 7560]","[13, 30549, 822, 68448, 148228, 9209, 70323, 167791, 178900, 36218]"
"[4413, 1923, 6978, 213]","[13, 30549, 822, 68448, 148228, 9209, 167791, 178900, 36218, 70323]"
"[3135, 6830, 42, 3117]","[13, 30549, 822, 68448, 36218, 148228, 9209, 70323, 167791, 178900]"
"[4414, 2989, 6849, 1651]","[13, 30549, 68448, 36218, 148228, 9209, 70323, 167791, 178900, 822]"
"[75, 6221, 6718, 2335]","[13, 30549, 822, 68448, 36218, 148228, 9209, 167791, 178900, 70323]"
"[1368, 1816, 6154, 2593]","[13, 30549, 68448, 36218, 148228, 9209, 70323, 167791, 178900, 822]"
"[3338, 890, 4315, 6725]","[13, 30549, 822, 68448, 36218, 148228, 9209, 70323, 167791, 178900]"
"[7631, 658, 1340, 3605]","[13, 30549, 822, 68448, 36218, 148228, 9209, 70323, 167791, 178900]"
"[5745, 1651, 6725, 1867]","[13, 30549, 68448, 36218, 148228, 9209, 70323, 167791, 178900, 822]"
"[4287, 7816, 3644, 4677]","[13, 30549, 822, 68448, 36218, 148228, 9209, 70323, 167791, 178900]"
"[4414, 1040, 2266, 2102]","[13, 30549, 68448, 36218, 148228, 9209, 167791, 178900, 822, 70323]"
"[6861, 6849, 5819, 1018]","[13, 30549, 822, 36218, 148228, 9209, 70323, 167791, 178900, 68448]"
"[5351, 3981, 6861, 1947]","[13, 30549, 822, 68448, 36218, 148228, 9209, 70323, 167791, 178900]"
"[1735, 555, 2111, 42]","[13, 30549, 822, 68448, 148228, 9209, 70323, 167791, 178900, 36218]"
"[4367, 1224, 2477, 3016]","[13, 30549, 822, 68448, 36218, 148228, 9209, 70323, 167791, 178900]"
"[1040, 552, 3299, 6940]","[13, 30549, 822, 68448, 36218, 148228, 9209, 167791, 178900, 70323]"
"[7992, 7856, 4102, 1012]","[13, 30549, 822, 68448, 36218, 148228, 9209, 70323, 167791, 178900]"
"[698, 1538, 4667, 6445]","[13, 30549, 822, 68448, 36218, 148228, 9209, 70323, 167791, 178900]"
"[232, 4359, 788, 2303]","[13, 30549, 822, 36218, 148228, 9209, 167791, 178900, 68448, 70323]"
"[7166, 2187, 7689, 4889]","[13, 30549, 822, 68448, 36218, 148228, 9209, 70323, 178900, 167791]"
"[1344, 5903, 999, 3677]","[13, 30549, 822, 68448, 36218, 148228, 9209, 167791, 178900, 70323]"
"[3237, 460, 5139, 5603]","[13, 30549, 822, 68448, 36218, 148228, 9209, 70323, 167791, 178900]"
"[1602, 5730, 5904, 3426]","[13, 30549, 822, 68448, 36218, 148228, 9209, 167791, 178900, 70323]"
"[6831, 4889, 4667, 2936]","[13, 30549, 822, 68448, 36218, 148228, 9209, 70323, 167791, 178900]"
"[5035, 4287, 4106, 4020]","[13, 30549, 822, 68448, 36218, 148228, 9209, 70323, 167791, 178900]"
"[4021, 4258, 1317, 1923]","[13, 30549, 822, 68448, 36218, 148228, 9209, 167791, 178900, 70323]"
"[2943, 3395, 4484, 2591]","[13, 30549, 822, 68448, 36218, 148228, 9209, 70323, 167791, 178900]"
"[6159, 7166, 2619, 3083]","[13, 30549, 822, 36218, 148228, 9209, 70323, 167791, 178900, 68448]"
"[750, 3826, 5996, 5782]","[13, 30549, 822, 68448, 9209, 70323, 167791, 178900, 36218, 148228]"
"[1020, 3826, 6367, 7444]","[13, 30549, 822, 9209, 70323, 167791, 178900, 68448, 36218, 148228]"
"[7502, 6940, 3135, 2208]","[13, 30549, 822, 68448, 36218, 148228, 9209, 70323, 167791, 178900]"
"[3928, 2410, 2477, 7892]","[13, 30549, 36218, 148228, 9209, 70323, 167791, 178900, 822, 68448]"
"[1881, 5347, 2, 3644]","[13, 30549, 822, 68448, 36218, 148228, 9209, 167791, 178900, 70323]"
"[2989, 3299, 4667, 112]","[13, 30549, 822, 68448, 36218, 148228, 9209, 70323, 167791, 178900]"
"[1224, 1870, 5785, 7083]","[13, 30549, 68448, 36218, 148228, 9209, 70323, 167791, 178900, 822]"
"[6527, 4293, 974, 750]","[13, 30549, 822, 68448, 36218, 148228, 9209, 70323, 167791, 178900]"
"[3153, 4970, 314, 3616]","[13, 30549, 822, 68448, 36218, 148228, 9209, 70323, 167791, 178900]"
"[4773, 4658, 6851, 4555]","[13, 30549, 822, 68448, 36218, 148228, 9209, 70323, 167791, 178900]"
"[920, 3919, 7248, 1867]","[13, 30549, 822, 36218, 148228, 9209, 70323, 178900, 68448, 167791]"
"[1870, 232, 1020, 2913]","[13, 30549, 822, 68448, 36218, 148228, 9209, 70323, 167791, 178900]"
"[7248, 2408, 4954, 5571]","[13, 30549, 822, 68448, 36218, 148228, 9209, 70323, 167791, 178900]"
"[7255, 4064, 3312, 7780]","[13, 30549, 822, 36218, 148228, 9209, 70323, 167791, 178900, 68448]"
"[75, 232, 5043, 4784]","[13, 30549, 822, 36218, 148228, 9209, 70323, 167791, 178900, 68448]"
"[5809, 1735, 3395, 1396]","[13, 30549, 822, 68448, 36218, 148228, 9209, 70323, 167791, 178900]"
"[4872, 111, 3117, 7631]","[13, 30549, 822, 68448, 36218, 148228, 9209, 70323, 167791, 178900]"
"[3623, 4376, 6978, 2480]","[13, 30549, 822, 68448, 148228, 9209, 70323, 167791, 36218, 178900]"
"[6978, 3034, 689, 1368]","[13, 30549, 822, 68448, 148228, 9209, 70323, 167791, 178900, 36218]"
"[7272, 3677, 2156, 7800]","[13, 30549, 822, 68448, 36218, 148228, 9209, 167791, 178900, 70323]"
"[1279, 6625, 1673, 7014]","[13, 30549, 822, 36218, 148228, 9209, 178900, 68448, 70323, 167791]"
"[2307, 409, 103, 7172]","[13, 30549, 822, 68448, 36218, 148228, 9209, 70323, 167791, 178900]"
"[7979, 3675, 6929, 7150]","[13, 30549, 822, 68448, 36218, 148228, 9209, 70323, 167791, 178900]"
"[2930, 5224, 2307, 3345]","[13, 30549, 822, 36218, 148228, 9209, 70323, 167791, 178900, 68448]"
"[7780, 2187, 951, 6167]","[13, 30549, 822, 68448, 36218, 148228, 9209, 70323, 178900, 167791]"
"[788, 4617, 552, 2634]","[13, 30549, 822, 36218, 148228, 9209, 70323, 167791, 178900, 68448]"
"[1659, 122, 6154, 286]","[13, 30549, 822, 68448, 36218, 148228, 9209, 70323, 167791, 178900]"
"[6861, 67, 3818, 3095]","[13, 30549, 822, 36218, 148228, 9209, 70323, 167791, 178900, 68448]"
"[4954, 6167, 974, 3605]","[13, 30549, 822, 68448, 36218, 148228, 9209, 70323, 167791, 178900]"
"[3848, 2897, 2581, 3234]","[13, 30549, 822, 36218, 148228, 9209, 70323, 178900, 68448, 167791]"
"[552, 1867, 1156, 42]","[13, 30549, 822, 68448, 36218, 148228, 9209, 70323, 167791, 178900]"
"[3623, 231, 920, 3960]","[13, 30549, 822, 36218, 148228, 9209, 70323, 167791, 178900, 68448]"
"[4257, 4359, 3593, 7255]","[13, 30549, 822, 36218, 148228, 9209, 167791, 178900, 68448, 70323]"
"[4020, 316, 971, 6028]","[13, 30549, 822, 68448, 36218, 148228, 9209, 167791, 178900, 70323]"
"[1298, 3083, 3016, 2195]","[13, 30549, 822, 68448, 36218, 148228, 9209, 167791, 178900, 70323]"
"[975, 1028, 7992, 3234]","[13, 30549, 822, 68448, 36218, 148228, 9209, 70323, 178900, 167791]"
"[3299, 4889, 62, 715]","[13, 30549, 822, 68448, 36218, 148228, 9209, 70323, 167791, 178900]"
"[2140, 2062, 4910, 4617]","[13, 30549, 822, 68448, 36218, 148228, 9209, 167791, 178900, 70323]"
"[4106, 4872, 1553, 6860]","[13, 30549, 822, 68448, 36218, 148228, 9209, 70323, 167791, 178900]"
"[2285, 6623, 1867, 5151]","[13, 30549, 822, 68448, 36218, 148228, 9209, 167791, 178900, 70323]"
"[75, 1735, 4944, 6940]","[13, 30549, 822, 68448, 36218, 148228, 9209, 70323, 167791, 178900]"
"[4761, 1368, 1538, 4526]","[13, 30549, 822, 68448, 148228, 9209, 70323, 167791, 178900, 36218]"
"[5932, 2111, 7272, 4940]","[13, 30549, 822, 68448, 148228, 9209, 70323, 167791, 178900, 36218]"
"[2619, 1881, 7856, 2354]","[13, 30549, 822, 36218, 148228, 9209, 167791, 178900, 70323, 68448]"
"[6929, 5707, 6483, 4098]","[13, 30549, 822, 68448, 36218, 148228, 9209, 70323, 167791, 178900]"
"[1512, 5965, 3756, 5007]","[13, 30549, 822, 68448, 36218, 148228, 9209, 70323, 167791, 178900]"
"[6194, 4367, 2886, 1565]","[13, 30549, 822, 68448, 36218, 148228, 9209, 70323, 167791, 178900]"
"[750, 6889, 1904, 3138]","[13, 30549, 822, 68448, 36218, 148228, 9209, 70323, 167791, 178900]"
"[4650, 1308, 5844, 1097]","[13, 30549, 822, 36218, 148228, 9209, 70323, 167791, 178900, 68448]"
"[4020, 4098, 6538, 6614]","[13, 30549, 822, 68448, 36218, 148228, 9209, 70323, 178900, 167791]"
"[5897, 2634, 6124, 75]","[13, 30549, 822, 68448, 148228, 9209, 70323, 178900, 36218, 167791]"
"[5844, 4677, 1396, 1279]","[13, 30549, 822, 68448, 36218, 148228, 9209, 70323, 167791, 178900]"
"[500, 4761, 3461, 1317]","[13, 30549, 822, 68448, 36218, 148228, 9209, 167791, 178900, 70323]"
"[6126, 1602, 6829, 5546]","[13, 30549, 822, 68448, 36218, 148228, 9209, 70323, 167791, 178900]"
"[5239, 6851, 5904, 118]","[13, 30549, 822, 68448, 36218, 148228, 9209, 167791, 178900, 70323]"
"[2593, 2591, 1210, 1219]","[13, 30549, 822, 68448, 36218, 148228, 9209, 70323, 167791, 178900]"
"[7014, 6669, 2854, 2619]","[13, 30549, 822, 36218, 148228, 9209, 70323, 167791, 178900, 68448]"
"[6669, 4663, 6442, 7444]","[13, 30549, 822, 36218, 148228, 9209, 70323, 167791, 178900, 68448]"
"[6929, 6483, 3501, 5163]","[13, 30549, 822, 36218, 148228, 9209, 70323, 167791, 178900, 68448]"
"[2718, 846, 4677, 118]","[13, 30549, 822, 68448, 36218, 148228, 9209, 167791, 178900, 70323]"
"[5316, 122, 1565, 6614]","[13, 30549, 822, 36218, 148228, 9209, 70323, 167791, 178900, 68448]"
"[3914, 4940, 6536, 5239]","[13, 30549, 822, 36218, 148228, 9209, 167791, 178900, 70323, 31260]"
"[7394, 1574, 2015, 6889]","[13, 30549, 822, 68448, 36218, 148228, 9209, 167791, 178900, 70323]"
"[5782, 1281, 5904, 3331]","[13, 30549, 822, 68448, 36218, 148228, 9209, 70323, 167791, 178900]"
"[6384, 3471, 5455, 5316]","[13, 30549, 822, 36218, 148228, 9209, 70323, 167791, 178900, 31260]"
"[3598, 3234, 3016, 5219]","[13, 30549, 822, 68448, 36218, 148228, 9209, 70323, 178900, 167791]"
